experiment_id,parent_experiment_id,comparison_group_id,question_id,status,dataset_ids,dataset_version,preprocessing_version,split_manifest,random_seeds,initial_representation_id,representation_method_id,model,code_commit,hyperparameters_path,learned_embedding_path,downstream_task,evaluation_metrics_path,runtime_seconds,hardware_software_environment,saved_artifacts_manifest,biological_evaluation_path,reproducibility_status,run_record_path,started_at,finished_at,notes
EXP-LN-A1-PCA-KMEANS-S1729,,P3C-LN_A1-PCA,P3C_INFRASTRUCTURE_VALIDATION,SUCCEEDED,10x_human_lymph_node_A1,PHASE1D_SHA256_MANIFEST,PHASE_3C_CONFIG_FREEZE_2026-09-12,NOT_APPLICABLE_UNSUPERVISED_FULL_DATA,"{""clustering"": 1729, ""metric_subsample"": 0, ""numpy"": 1729, ""python"": 1729, ""representation"": 0}",PCA_CLASSICAL,PCA_CLASSICAL,transparent_baseline,8b5e9d239e910ca0a1efa496442b6d898fc0f6b2,08_experiments/EXP-LN-A1-PCA-KMEANS-S1729/config.yaml,08_experiments/EXP-LN-A1-PCA-KMEANS-S1729/embedding.npz,common_KMeans_clustering,08_experiments/EXP-LN-A1-PCA-KMEANS-S1729/metrics.json,0.27363112500461284,08_experiments/EXP-LN-A1-PCA-KMEANS-S1729/environment.json,08_experiments/EXP-LN-A1-PCA-KMEANS-S1729/saved_artifacts_manifest.json,08_experiments/EXP-LN-A1-PCA-KMEANS-S1729/metrics.json,R3_PROJECT_DATA_BASELINE,08_experiments/EXP-LN-A1-PCA-KMEANS-S1729/provenance.json,2026-09-11T19:23:19.892299+00:00,2026-09-11T19:23:20.166146+00:00,SCIENTIFIC_BASELINE_RUN; K from reference annotation count is privileged; source X semantics and coordinate units remain UNKNOWN; runtime excludes shared representation build
EXP-LN-A1-RNA-KMEANS-S1729,,P3C-LN_A1-RNA,P3C_INFRASTRUCTURE_VALIDATION,SUCCEEDED,10x_human_lymph_node_A1,PHASE1D_SHA256_MANIFEST,PHASE_3C_CONFIG_FREEZE_2026-09-12,NOT_APPLICABLE_UNSUPERVISED_FULL_DATA,"{""clustering"": 1729, ""metric_subsample"": 0, ""numpy"": 1729, ""python"": 1729, ""representation"": 0}",BASE_RNA,BASE_RNA,transparent_baseline,8b5e9d239e910ca0a1efa496442b6d898fc0f6b2,08_experiments/EXP-LN-A1-RNA-KMEANS-S1729/config.yaml,08_experiments/EXP-LN-A1-RNA-KMEANS-S1729/embedding.npz,common_KMeans_clustering,08_experiments/EXP-LN-A1-RNA-KMEANS-S1729/metrics.json,7.85067554199486,08_experiments/EXP-LN-A1-RNA-KMEANS-S1729/environment.json,08_experiments/EXP-LN-A1-RNA-KMEANS-S1729/saved_artifacts_manifest.json,08_experiments/EXP-LN-A1-RNA-KMEANS-S1729/metrics.json,R3_PROJECT_DATA_BASELINE,08_experiments/EXP-LN-A1-RNA-KMEANS-S1729/provenance.json,2026-09-11T19:23:42.795635+00:00,2026-09-11T19:23:50.646556+00:00,SCIENTIFIC_BASELINE_RUN; K from reference annotation count is privileged; source X semantics and coordinate units remain UNKNOWN; runtime excludes shared representation build
EXP-LN-A1-RNA-KMEANS-S2718,,P3C-LN_A1-RNA,P3C_INFRASTRUCTURE_VALIDATION,SUCCEEDED,10x_human_lymph_node_A1,PHASE1D_SHA256_MANIFEST,PHASE_3C_CONFIG_FREEZE_2026-09-12,NOT_APPLICABLE_UNSUPERVISED_FULL_DATA,"{""clustering"": 2718, ""metric_subsample"": 0, ""numpy"": 2718, ""python"": 2718, ""representation"": 0}",BASE_RNA,BASE_RNA,transparent_baseline,8b5e9d239e910ca0a1efa496442b6d898fc0f6b2,08_experiments/EXP-LN-A1-RNA-KMEANS-S2718/config.yaml,08_experiments/EXP-LN-A1-RNA-KMEANS-S2718/embedding.npz,common_KMeans_clustering,08_experiments/EXP-LN-A1-RNA-KMEANS-S2718/metrics.json,8.420204708003439,08_experiments/EXP-LN-A1-RNA-KMEANS-S2718/environment.json,08_experiments/EXP-LN-A1-RNA-KMEANS-S2718/saved_artifacts_manifest.json,08_experiments/EXP-LN-A1-RNA-KMEANS-S2718/metrics.json,R3_PROJECT_DATA_BASELINE,08_experiments/EXP-LN-A1-RNA-KMEANS-S2718/provenance.json,2026-09-11T19:23:50.735955+00:00,2026-09-11T19:23:59.156422+00:00,SCIENTIFIC_BASELINE_RUN; K from reference annotation count is privileged; source X semantics and coordinate units remain UNKNOWN; runtime excludes shared representation build
EXP-LN-A1-RNA-KMEANS-S31415,,P3C-LN_A1-RNA,P3C_INFRASTRUCTURE_VALIDATION,SUCCEEDED,10x_human_lymph_node_A1,PHASE1D_SHA256_MANIFEST,PHASE_3C_CONFIG_FREEZE_2026-09-12,NOT_APPLICABLE_UNSUPERVISED_FULL_DATA,"{""clustering"": 31415, ""metric_subsample"": 0, ""numpy"": 31415, ""python"": 31415, ""representation"": 0}",BASE_RNA,BASE_RNA,transparent_baseline,8b5e9d239e910ca0a1efa496442b6d898fc0f6b2,08_experiments/EXP-LN-A1-RNA-KMEANS-S31415/config.yaml,08_experiments/EXP-LN-A1-RNA-KMEANS-S31415/embedding.npz,common_KMeans_clustering,08_experiments/EXP-LN-A1-RNA-KMEANS-S31415/metrics.json,7.9687617080053315,08_experiments/EXP-LN-A1-RNA-KMEANS-S31415/environment.json,08_experiments/EXP-LN-A1-RNA-KMEANS-S31415/saved_artifacts_manifest.json,08_experiments/EXP-LN-A1-RNA-KMEANS-S31415/metrics.json,R3_PROJECT_DATA_BASELINE,08_experiments/EXP-LN-A1-RNA-KMEANS-S31415/provenance.json,2026-09-11T19:23:59.240385+00:00,2026-09-11T19:24:07.209401+00:00,SCIENTIFIC_BASELINE_RUN; K from reference annotation count is privileged; source X semantics and coordinate units remain UNKNOWN; runtime excludes shared representation build
EXP-LN-A1-PCA-KMEANS-S2718,,P3C-LN_A1-PCA,P3C_INFRASTRUCTURE_VALIDATION,SUCCEEDED,10x_human_lymph_node_A1,PHASE1D_SHA256_MANIFEST,PHASE_3C_CONFIG_FREEZE_2026-09-12,NOT_APPLICABLE_UNSUPERVISED_FULL_DATA,"{""clustering"": 2718, ""metric_subsample"": 0, ""numpy"": 2718, ""python"": 2718, ""representation"": 0}",PCA_CLASSICAL,PCA_CLASSICAL,transparent_baseline,8b5e9d239e910ca0a1efa496442b6d898fc0f6b2,08_experiments/EXP-LN-A1-PCA-KMEANS-S2718/config.yaml,08_experiments/EXP-LN-A1-PCA-KMEANS-S2718/embedding.npz,common_KMeans_clustering,08_experiments/EXP-LN-A1-PCA-KMEANS-S2718/metrics.json,0.16991370799951255,08_experiments/EXP-LN-A1-PCA-KMEANS-S2718/environment.json,08_experiments/EXP-LN-A1-PCA-KMEANS-S2718/saved_artifacts_manifest.json,08_experiments/EXP-LN-A1-PCA-KMEANS-S2718/metrics.json,R3_PROJECT_DATA_BASELINE,08_experiments/EXP-LN-A1-PCA-KMEANS-S2718/provenance.json,2026-09-11T19:24:07.286595+00:00,2026-09-11T19:24:07.456727+00:00,SCIENTIFIC_BASELINE_RUN; K from reference annotation count is privileged; source X semantics and coordinate units remain UNKNOWN; runtime excludes shared representation build
EXP-LN-A1-PCA-KMEANS-S31415,,P3C-LN_A1-PCA,P3C_INFRASTRUCTURE_VALIDATION,SUCCEEDED,10x_human_lymph_node_A1,PHASE1D_SHA256_MANIFEST,PHASE_3C_CONFIG_FREEZE_2026-09-12,NOT_APPLICABLE_UNSUPERVISED_FULL_DATA,"{""clustering"": 31415, ""metric_subsample"": 0, ""numpy"": 31415, ""python"": 31415, ""representation"": 0}",PCA_CLASSICAL,PCA_CLASSICAL,transparent_baseline,8b5e9d239e910ca0a1efa496442b6d898fc0f6b2,08_experiments/EXP-LN-A1-PCA-KMEANS-S31415/config.yaml,08_experiments/EXP-LN-A1-PCA-KMEANS-S31415/embedding.npz,common_KMeans_clustering,08_experiments/EXP-LN-A1-PCA-KMEANS-S31415/metrics.json,0.17587033299787436,08_experiments/EXP-LN-A1-PCA-KMEANS-S31415/environment.json,08_experiments/EXP-LN-A1-PCA-KMEANS-S31415/saved_artifacts_manifest.json,08_experiments/EXP-LN-A1-PCA-KMEANS-S31415/metrics.json,R3_PROJECT_DATA_BASELINE,08_experiments/EXP-LN-A1-PCA-KMEANS-S31415/provenance.json,2026-09-11T19:24:07.519737+00:00,2026-09-11T19:24:07.695801+00:00,SCIENTIFIC_BASELINE_RUN; K from reference annotation count is privileged; source X semantics and coordinate units remain UNKNOWN; runtime excludes shared representation build
EXP-LN-A1-SPACE-KMEANS-S1729,,P3C-LN_A1-SPACE,P3C_INFRASTRUCTURE_VALIDATION,SUCCEEDED,10x_human_lymph_node_A1,PHASE1D_SHA256_MANIFEST,PHASE_3C_CONFIG_FREEZE_2026-09-12,NOT_APPLICABLE_UNSUPERVISED_FULL_DATA,"{""clustering"": 1729, ""metric_subsample"": 0, ""numpy"": 1729, ""python"": 1729, ""representation"": 0}",BASE_SPACE,BASE_SPACE,transparent_baseline,8b5e9d239e910ca0a1efa496442b6d898fc0f6b2,08_experiments/EXP-LN-A1-SPACE-KMEANS-S1729/config.yaml,08_experiments/EXP-LN-A1-SPACE-KMEANS-S1729/embedding.npz,common_KMeans_clustering,08_experiments/EXP-LN-A1-SPACE-KMEANS-S1729/metrics.json,0.08172366699727718,08_experiments/EXP-LN-A1-SPACE-KMEANS-S1729/environment.json,08_experiments/EXP-LN-A1-SPACE-KMEANS-S1729/saved_artifacts_manifest.json,08_experiments/EXP-LN-A1-SPACE-KMEANS-S1729/metrics.json,R3_PROJECT_DATA_BASELINE,08_experiments/EXP-LN-A1-SPACE-KMEANS-S1729/provenance.json,2026-09-11T19:24:07.756948+00:00,2026-09-11T19:24:07.838869+00:00,SCIENTIFIC_BASELINE_RUN; K from reference annotation count is privileged; source X semantics and coordinate units remain UNKNOWN; runtime excludes shared representation build
EXP-LN-A1-SPACE-KMEANS-S2718,,P3C-LN_A1-SPACE,P3C_INFRASTRUCTURE_VALIDATION,SUCCEEDED,10x_human_lymph_node_A1,PHASE1D_SHA256_MANIFEST,PHASE_3C_CONFIG_FREEZE_2026-09-12,NOT_APPLICABLE_UNSUPERVISED_FULL_DATA,"{""clustering"": 2718, ""metric_subsample"": 0, ""numpy"": 2718, ""python"": 2718, ""representation"": 0}",BASE_SPACE,BASE_SPACE,transparent_baseline,8b5e9d239e910ca0a1efa496442b6d898fc0f6b2,08_experiments/EXP-LN-A1-SPACE-KMEANS-S2718/config.yaml,08_experiments/EXP-LN-A1-SPACE-KMEANS-S2718/embedding.npz,common_KMeans_clustering,08_experiments/EXP-LN-A1-SPACE-KMEANS-S2718/metrics.json,0.09421012501115911,08_experiments/EXP-LN-A1-SPACE-KMEANS-S2718/environment.json,08_experiments/EXP-LN-A1-SPACE-KMEANS-S2718/saved_artifacts_manifest.json,08_experiments/EXP-LN-A1-SPACE-KMEANS-S2718/metrics.json,R3_PROJECT_DATA_BASELINE,08_experiments/EXP-LN-A1-SPACE-KMEANS-S2718/provenance.json,2026-09-11T19:24:07.895183+00:00,2026-09-11T19:24:07.989579+00:00,SCIENTIFIC_BASELINE_RUN; K from reference annotation count is privileged; source X semantics and coordinate units remain UNKNOWN; runtime excludes shared representation build
EXP-LN-A1-SPACE-KMEANS-S31415,,P3C-LN_A1-SPACE,P3C_INFRASTRUCTURE_VALIDATION,SUCCEEDED,10x_human_lymph_node_A1,PHASE1D_SHA256_MANIFEST,PHASE_3C_CONFIG_FREEZE_2026-09-12,NOT_APPLICABLE_UNSUPERVISED_FULL_DATA,"{""clustering"": 31415, ""metric_subsample"": 0, ""numpy"": 31415, ""python"": 31415, ""representation"": 0}",BASE_SPACE,BASE_SPACE,transparent_baseline,8b5e9d239e910ca0a1efa496442b6d898fc0f6b2,08_experiments/EXP-LN-A1-SPACE-KMEANS-S31415/config.yaml,08_experiments/EXP-LN-A1-SPACE-KMEANS-S31415/embedding.npz,common_KMeans_clustering,08_experiments/EXP-LN-A1-SPACE-KMEANS-S31415/metrics.json,0.08207279199268669,08_experiments/EXP-LN-A1-SPACE-KMEANS-S31415/environment.json,08_experiments/EXP-LN-A1-SPACE-KMEANS-S31415/saved_artifacts_manifest.json,08_experiments/EXP-LN-A1-SPACE-KMEANS-S31415/metrics.json,R3_PROJECT_DATA_BASELINE,08_experiments/EXP-LN-A1-SPACE-KMEANS-S31415/provenance.json,2026-09-11T19:24:08.048553+00:00,2026-09-11T19:24:08.130821+00:00,SCIENTIFIC_BASELINE_RUN; K from reference annotation count is privileged; source X semantics and coordinate units remain UNKNOWN; runtime excludes shared representation build
EXP-LN-A1-ADT-KMEANS-S1729,,P3C-LN_A1-ADT,P3C_INFRASTRUCTURE_VALIDATION,SUCCEEDED,10x_human_lymph_node_A1,PHASE1D_SHA256_MANIFEST,PHASE_3C_CONFIG_FREEZE_2026-09-12,NOT_APPLICABLE_UNSUPERVISED_FULL_DATA,"{""clustering"": 1729, ""metric_subsample"": 0, ""numpy"": 1729, ""python"": 1729, ""representation"": 0}",BASE_SECOND,BASE_SECOND,transparent_baseline,8b5e9d239e910ca0a1efa496442b6d898fc0f6b2,08_experiments/EXP-LN-A1-ADT-KMEANS-S1729/config.yaml,08_experiments/EXP-LN-A1-ADT-KMEANS-S1729/embedding.npz,common_KMeans_clustering,08_experiments/EXP-LN-A1-ADT-KMEANS-S1729/metrics.json,0.14818387500417884,08_experiments/EXP-LN-A1-ADT-KMEANS-S1729/environment.json,08_experiments/EXP-LN-A1-ADT-KMEANS-S1729/saved_artifacts_manifest.json,08_experiments/EXP-LN-A1-ADT-KMEANS-S1729/metrics.json,R3_PROJECT_DATA_BASELINE,08_experiments/EXP-LN-A1-ADT-KMEANS-S1729/provenance.json,2026-09-11T19:24:08.188427+00:00,2026-09-11T19:24:08.336835+00:00,SCIENTIFIC_BASELINE_RUN; K from reference annotation count is privileged; source X semantics and coordinate units remain UNKNOWN; runtime excludes shared representation build
EXP-LN-A1-ADT-KMEANS-S2718,,P3C-LN_A1-ADT,P3C_INFRASTRUCTURE_VALIDATION,SUCCEEDED,10x_human_lymph_node_A1,PHASE1D_SHA256_MANIFEST,PHASE_3C_CONFIG_FREEZE_2026-09-12,NOT_APPLICABLE_UNSUPERVISED_FULL_DATA,"{""clustering"": 2718, ""metric_subsample"": 0, ""numpy"": 2718, ""python"": 2718, ""representation"": 0}",BASE_SECOND,BASE_SECOND,transparent_baseline,8b5e9d239e910ca0a1efa496442b6d898fc0f6b2,08_experiments/EXP-LN-A1-ADT-KMEANS-S2718/config.yaml,08_experiments/EXP-LN-A1-ADT-KMEANS-S2718/embedding.npz,common_KMeans_clustering,08_experiments/EXP-LN-A1-ADT-KMEANS-S2718/metrics.json,0.14921741600846872,08_experiments/EXP-LN-A1-ADT-KMEANS-S2718/environment.json,08_experiments/EXP-LN-A1-ADT-KMEANS-S2718/saved_artifacts_manifest.json,08_experiments/EXP-LN-A1-ADT-KMEANS-S2718/metrics.json,R3_PROJECT_DATA_BASELINE,08_experiments/EXP-LN-A1-ADT-KMEANS-S2718/provenance.json,2026-09-11T19:24:08.395532+00:00,2026-09-11T19:24:08.544991+00:00,SCIENTIFIC_BASELINE_RUN; K from reference annotation count is privileged; source X semantics and coordinate units remain UNKNOWN; runtime excludes shared representation build
EXP-LN-A1-ADT-KMEANS-S31415,,P3C-LN_A1-ADT,P3C_INFRASTRUCTURE_VALIDATION,SUCCEEDED,10x_human_lymph_node_A1,PHASE1D_SHA256_MANIFEST,PHASE_3C_CONFIG_FREEZE_2026-09-12,NOT_APPLICABLE_UNSUPERVISED_FULL_DATA,"{""clustering"": 31415, ""metric_subsample"": 0, ""numpy"": 31415, ""python"": 31415, ""representation"": 0}",BASE_SECOND,BASE_SECOND,transparent_baseline,8b5e9d239e910ca0a1efa496442b6d898fc0f6b2,08_experiments/EXP-LN-A1-ADT-KMEANS-S31415/config.yaml,08_experiments/EXP-LN-A1-ADT-KMEANS-S31415/embedding.npz,common_KMeans_clustering,08_experiments/EXP-LN-A1-ADT-KMEANS-S31415/metrics.json,0.17890037500183098,08_experiments/EXP-LN-A1-ADT-KMEANS-S31415/environment.json,08_experiments/EXP-LN-A1-ADT-KMEANS-S31415/saved_artifacts_manifest.json,08_experiments/EXP-LN-A1-ADT-KMEANS-S31415/metrics.json,R3_PROJECT_DATA_BASELINE,08_experiments/EXP-LN-A1-ADT-KMEANS-S31415/provenance.json,2026-09-11T19:24:08.604455+00:00,2026-09-11T19:24:08.783558+00:00,SCIENTIFIC_BASELINE_RUN; K from reference annotation count is privileged; source X semantics and coordinate units remain UNKNOWN; runtime excludes shared representation build
EXP-LN-A1-CONCAT-KMEANS-S1729,,P3C-LN_A1-CONCAT,P3C_INFRASTRUCTURE_VALIDATION,SUCCEEDED,10x_human_lymph_node_A1,PHASE1D_SHA256_MANIFEST,PHASE_3C_CONFIG_FREEZE_2026-09-12,NOT_APPLICABLE_UNSUPERVISED_FULL_DATA,"{""clustering"": 1729, ""metric_subsample"": 0, ""numpy"": 1729, ""python"": 1729, ""representation"": 0}",BASE_CONCAT,BASE_CONCAT,transparent_baseline,8b5e9d239e910ca0a1efa496442b6d898fc0f6b2,08_experiments/EXP-LN-A1-CONCAT-KMEANS-S1729/config.yaml,08_experiments/EXP-LN-A1-CONCAT-KMEANS-S1729/embedding.npz,common_KMeans_clustering,08_experiments/EXP-LN-A1-CONCAT-KMEANS-S1729/metrics.json,6.306405084003927,08_experiments/EXP-LN-A1-CONCAT-KMEANS-S1729/environment.json,08_experiments/EXP-LN-A1-CONCAT-KMEANS-S1729/saved_artifacts_manifest.json,08_experiments/EXP-LN-A1-CONCAT-KMEANS-S1729/metrics.json,R3_PROJECT_DATA_BASELINE,08_experiments/EXP-LN-A1-CONCAT-KMEANS-S1729/provenance.json,2026-09-11T19:24:08.842564+00:00,2026-09-11T19:24:15.149199+00:00,SCIENTIFIC_BASELINE_RUN; K from reference annotation count is privileged; source X semantics and coordinate units remain UNKNOWN; runtime excludes shared representation build
EXP-LN-A1-CONCAT-KMEANS-S2718,,P3C-LN_A1-CONCAT,P3C_INFRASTRUCTURE_VALIDATION,SUCCEEDED,10x_human_lymph_node_A1,PHASE1D_SHA256_MANIFEST,PHASE_3C_CONFIG_FREEZE_2026-09-12,NOT_APPLICABLE_UNSUPERVISED_FULL_DATA,"{""clustering"": 2718, ""metric_subsample"": 0, ""numpy"": 2718, ""python"": 2718, ""representation"": 0}",BASE_CONCAT,BASE_CONCAT,transparent_baseline,8b5e9d239e910ca0a1efa496442b6d898fc0f6b2,08_experiments/EXP-LN-A1-CONCAT-KMEANS-S2718/config.yaml,08_experiments/EXP-LN-A1-CONCAT-KMEANS-S2718/embedding.npz,common_KMeans_clustering,08_experiments/EXP-LN-A1-CONCAT-KMEANS-S2718/metrics.json,6.536829083997873,08_experiments/EXP-LN-A1-CONCAT-KMEANS-S2718/environment.json,08_experiments/EXP-LN-A1-CONCAT-KMEANS-S2718/saved_artifacts_manifest.json,08_experiments/EXP-LN-A1-CONCAT-KMEANS-S2718/metrics.json,R3_PROJECT_DATA_BASELINE,08_experiments/EXP-LN-A1-CONCAT-KMEANS-S2718/provenance.json,2026-09-11T19:24:15.228222+00:00,2026-09-11T19:24:21.765373+00:00,SCIENTIFIC_BASELINE_RUN; K from reference annotation count is privileged; source X semantics and coordinate units remain UNKNOWN; runtime excludes shared representation build
EXP-LN-A1-CONCAT-KMEANS-S31415,,P3C-LN_A1-CONCAT,P3C_INFRASTRUCTURE_VALIDATION,SUCCEEDED,10x_human_lymph_node_A1,PHASE1D_SHA256_MANIFEST,PHASE_3C_CONFIG_FREEZE_2026-09-12,NOT_APPLICABLE_UNSUPERVISED_FULL_DATA,"{""clustering"": 31415, ""metric_subsample"": 0, ""numpy"": 31415, ""python"": 31415, ""representation"": 0}",BASE_CONCAT,BASE_CONCAT,transparent_baseline,8b5e9d239e910ca0a1efa496442b6d898fc0f6b2,08_experiments/EXP-LN-A1-CONCAT-KMEANS-S31415/config.yaml,08_experiments/EXP-LN-A1-CONCAT-KMEANS-S31415/embedding.npz,common_KMeans_clustering,08_experiments/EXP-LN-A1-CONCAT-KMEANS-S31415/metrics.json,6.811262083996553,08_experiments/EXP-LN-A1-CONCAT-KMEANS-S31415/environment.json,08_experiments/EXP-LN-A1-CONCAT-KMEANS-S31415/saved_artifacts_manifest.json,08_experiments/EXP-LN-A1-CONCAT-KMEANS-S31415/metrics.json,R3_PROJECT_DATA_BASELINE,08_experiments/EXP-LN-A1-CONCAT-KMEANS-S31415/provenance.json,2026-09-11T19:24:21.839041+00:00,2026-09-11T19:24:28.650547+00:00,SCIENTIFIC_BASELINE_RUN; K from reference annotation count is privileged; source X semantics and coordinate units remain UNKNOWN; runtime excludes shared representation build
EXP-LN-D1-RNA-KMEANS-S1729,,P3C-LN_D1-RNA,P3C_INFRASTRUCTURE_VALIDATION,SUCCEEDED,10x_human_lymph_node_D1,PHASE1D_SHA256_MANIFEST,PHASE_3C_CONFIG_FREEZE_2026-09-12,NOT_APPLICABLE_UNSUPERVISED_FULL_DATA,"{""clustering"": 1729, ""metric_subsample"": 0, ""numpy"": 1729, ""python"": 1729, ""representation"": 0}",BASE_RNA,BASE_RNA,transparent_baseline,8b5e9d239e910ca0a1efa496442b6d898fc0f6b2,08_experiments/EXP-LN-D1-RNA-KMEANS-S1729/config.yaml,08_experiments/EXP-LN-D1-RNA-KMEANS-S1729/embedding.npz,common_KMeans_clustering,08_experiments/EXP-LN-D1-RNA-KMEANS-S1729/metrics.json,8.15341433401045,08_experiments/EXP-LN-D1-RNA-KMEANS-S1729/environment.json,08_experiments/EXP-LN-D1-RNA-KMEANS-S1729/saved_artifacts_manifest.json,08_experiments/EXP-LN-D1-RNA-KMEANS-S1729/metrics.json,R3_PROJECT_DATA_BASELINE,08_experiments/EXP-LN-D1-RNA-KMEANS-S1729/provenance.json,2026-09-11T19:24:29.027516+00:00,2026-09-11T19:24:37.181193+00:00,SCIENTIFIC_BASELINE_RUN; K from reference annotation count is privileged; source X semantics and coordinate units remain UNKNOWN; runtime excludes shared representation build
EXP-LN-D1-RNA-KMEANS-S2718,,P3C-LN_D1-RNA,P3C_INFRASTRUCTURE_VALIDATION,SUCCEEDED,10x_human_lymph_node_D1,PHASE1D_SHA256_MANIFEST,PHASE_3C_CONFIG_FREEZE_2026-09-12,NOT_APPLICABLE_UNSUPERVISED_FULL_DATA,"{""clustering"": 2718, ""metric_subsample"": 0, ""numpy"": 2718, ""python"": 2718, ""representation"": 0}",BASE_RNA,BASE_RNA,transparent_baseline,8b5e9d239e910ca0a1efa496442b6d898fc0f6b2,08_experiments/EXP-LN-D1-RNA-KMEANS-S2718/config.yaml,08_experiments/EXP-LN-D1-RNA-KMEANS-S2718/embedding.npz,common_KMeans_clustering,08_experiments/EXP-LN-D1-RNA-KMEANS-S2718/metrics.json,9.47835733401007,08_experiments/EXP-LN-D1-RNA-KMEANS-S2718/environment.json,08_experiments/EXP-LN-D1-RNA-KMEANS-S2718/saved_artifacts_manifest.json,08_experiments/EXP-LN-D1-RNA-KMEANS-S2718/metrics.json,R3_PROJECT_DATA_BASELINE,08_experiments/EXP-LN-D1-RNA-KMEANS-S2718/provenance.json,2026-09-11T19:24:37.256581+00:00,2026-09-11T19:24:46.735245+00:00,SCIENTIFIC_BASELINE_RUN; K from reference annotation count is privileged; source X semantics and coordinate units remain UNKNOWN; runtime excludes shared representation build
EXP-LN-D1-RNA-KMEANS-S31415,,P3C-LN_D1-RNA,P3C_INFRASTRUCTURE_VALIDATION,SUCCEEDED,10x_human_lymph_node_D1,PHASE1D_SHA256_MANIFEST,PHASE_3C_CONFIG_FREEZE_2026-09-12,NOT_APPLICABLE_UNSUPERVISED_FULL_DATA,"{""clustering"": 31415, ""metric_subsample"": 0, ""numpy"": 31415, ""python"": 31415, ""representation"": 0}",BASE_RNA,BASE_RNA,transparent_baseline,8b5e9d239e910ca0a1efa496442b6d898fc0f6b2,08_experiments/EXP-LN-D1-RNA-KMEANS-S31415/config.yaml,08_experiments/EXP-LN-D1-RNA-KMEANS-S31415/embedding.npz,common_KMeans_clustering,08_experiments/EXP-LN-D1-RNA-KMEANS-S31415/metrics.json,9.435225082997931,08_experiments/EXP-LN-D1-RNA-KMEANS-S31415/environment.json,08_experiments/EXP-LN-D1-RNA-KMEANS-S31415/saved_artifacts_manifest.json,08_experiments/EXP-LN-D1-RNA-KMEANS-S31415/metrics.json,R3_PROJECT_DATA_BASELINE,08_experiments/EXP-LN-D1-RNA-KMEANS-S31415/provenance.json,2026-09-11T19:24:46.821378+00:00,2026-09-11T19:24:56.256903+00:00,SCIENTIFIC_BASELINE_RUN; K from reference annotation count is privileged; source X semantics and coordinate units remain UNKNOWN; runtime excludes shared representation build
EXP-LN-D1-PCA-KMEANS-S1729,,P3C-LN_D1-PCA,P3C_INFRASTRUCTURE_VALIDATION,SUCCEEDED,10x_human_lymph_node_D1,PHASE1D_SHA256_MANIFEST,PHASE_3C_CONFIG_FREEZE_2026-09-12,NOT_APPLICABLE_UNSUPERVISED_FULL_DATA,"{""clustering"": 1729, ""metric_subsample"": 0, ""numpy"": 1729, ""python"": 1729, ""representation"": 0}",PCA_CLASSICAL,PCA_CLASSICAL,transparent_baseline,8b5e9d239e910ca0a1efa496442b6d898fc0f6b2,08_experiments/EXP-LN-D1-PCA-KMEANS-S1729/config.yaml,08_experiments/EXP-LN-D1-PCA-KMEANS-S1729/embedding.npz,common_KMeans_clustering,08_experiments/EXP-LN-D1-PCA-KMEANS-S1729/metrics.json,0.18362866698589642,08_experiments/EXP-LN-D1-PCA-KMEANS-S1729/environment.json,08_experiments/EXP-LN-D1-PCA-KMEANS-S1729/saved_artifacts_manifest.json,08_experiments/EXP-LN-D1-PCA-KMEANS-S1729/metrics.json,R3_PROJECT_DATA_BASELINE,08_experiments/EXP-LN-D1-PCA-KMEANS-S1729/provenance.json,2026-09-11T19:24:56.333592+00:00,2026-09-11T19:24:56.517429+00:00,SCIENTIFIC_BASELINE_RUN; K from reference annotation count is privileged; source X semantics and coordinate units remain UNKNOWN; runtime excludes shared representation build
EXP-LN-D1-PCA-KMEANS-S2718,,P3C-LN_D1-PCA,P3C_INFRASTRUCTURE_VALIDATION,SUCCEEDED,10x_human_lymph_node_D1,PHASE1D_SHA256_MANIFEST,PHASE_3C_CONFIG_FREEZE_2026-09-12,NOT_APPLICABLE_UNSUPERVISED_FULL_DATA,"{""clustering"": 2718, ""metric_subsample"": 0, ""numpy"": 2718, ""python"": 2718, ""representation"": 0}",PCA_CLASSICAL,PCA_CLASSICAL,transparent_baseline,8b5e9d239e910ca0a1efa496442b6d898fc0f6b2,08_experiments/EXP-LN-D1-PCA-KMEANS-S2718/config.yaml,08_experiments/EXP-LN-D1-PCA-KMEANS-S2718/embedding.npz,common_KMeans_clustering,08_experiments/EXP-LN-D1-PCA-KMEANS-S2718/metrics.json,0.17178666598920245,08_experiments/EXP-LN-D1-PCA-KMEANS-S2718/environment.json,08_experiments/EXP-LN-D1-PCA-KMEANS-S2718/saved_artifacts_manifest.json,08_experiments/EXP-LN-D1-PCA-KMEANS-S2718/metrics.json,R3_PROJECT_DATA_BASELINE,08_experiments/EXP-LN-D1-PCA-KMEANS-S2718/provenance.json,2026-09-11T19:24:56.581887+00:00,2026-09-11T19:24:56.753860+00:00,SCIENTIFIC_BASELINE_RUN; K from reference annotation count is privileged; source X semantics and coordinate units remain UNKNOWN; runtime excludes shared representation build
EXP-LN-D1-PCA-KMEANS-S31415,,P3C-LN_D1-PCA,P3C_INFRASTRUCTURE_VALIDATION,SUCCEEDED,10x_human_lymph_node_D1,PHASE1D_SHA256_MANIFEST,PHASE_3C_CONFIG_FREEZE_2026-09-12,NOT_APPLICABLE_UNSUPERVISED_FULL_DATA,"{""clustering"": 31415, ""metric_subsample"": 0, ""numpy"": 31415, ""python"": 31415, ""representation"": 0}",PCA_CLASSICAL,PCA_CLASSICAL,transparent_baseline,8b5e9d239e910ca0a1efa496442b6d898fc0f6b2,08_experiments/EXP-LN-D1-PCA-KMEANS-S31415/config.yaml,08_experiments/EXP-LN-D1-PCA-KMEANS-S31415/embedding.npz,common_KMeans_clustering,08_experiments/EXP-LN-D1-PCA-KMEANS-S31415/metrics.json,0.17435562500031665,08_experiments/EXP-LN-D1-PCA-KMEANS-S31415/environment.json,08_experiments/EXP-LN-D1-PCA-KMEANS-S31415/saved_artifacts_manifest.json,08_experiments/EXP-LN-D1-PCA-KMEANS-S31415/metrics.json,R3_PROJECT_DATA_BASELINE,08_experiments/EXP-LN-D1-PCA-KMEANS-S31415/provenance.json,2026-09-11T19:24:56.815749+00:00,2026-09-11T19:24:56.990299+00:00,SCIENTIFIC_BASELINE_RUN; K from reference annotation count is privileged; source X semantics and coordinate units remain UNKNOWN; runtime excludes shared representation build
EXP-LN-D1-SPACE-KMEANS-S1729,,P3C-LN_D1-SPACE,P3C_INFRASTRUCTURE_VALIDATION,SUCCEEDED,10x_human_lymph_node_D1,PHASE1D_SHA256_MANIFEST,PHASE_3C_CONFIG_FREEZE_2026-09-12,NOT_APPLICABLE_UNSUPERVISED_FULL_DATA,"{""clustering"": 1729, ""metric_subsample"": 0, ""numpy"": 1729, ""python"": 1729, ""representation"": 0}",BASE_SPACE,BASE_SPACE,transparent_baseline,8b5e9d239e910ca0a1efa496442b6d898fc0f6b2,08_experiments/EXP-LN-D1-SPACE-KMEANS-S1729/config.yaml,08_experiments/EXP-LN-D1-SPACE-KMEANS-S1729/embedding.npz,common_KMeans_clustering,08_experiments/EXP-LN-D1-SPACE-KMEANS-S1729/metrics.json,0.07704258299781941,08_experiments/EXP-LN-D1-SPACE-KMEANS-S1729/environment.json,08_experiments/EXP-LN-D1-SPACE-KMEANS-S1729/saved_artifacts_manifest.json,08_experiments/EXP-LN-D1-SPACE-KMEANS-S1729/metrics.json,R3_PROJECT_DATA_BASELINE,08_experiments/EXP-LN-D1-SPACE-KMEANS-S1729/provenance.json,2026-09-11T19:24:57.049534+00:00,2026-09-11T19:24:57.126785+00:00,SCIENTIFIC_BASELINE_RUN; K from reference annotation count is privileged; source X semantics and coordinate units remain UNKNOWN; runtime excludes shared representation build
EXP-LN-D1-SPACE-KMEANS-S2718,,P3C-LN_D1-SPACE,P3C_INFRASTRUCTURE_VALIDATION,SUCCEEDED,10x_human_lymph_node_D1,PHASE1D_SHA256_MANIFEST,PHASE_3C_CONFIG_FREEZE_2026-09-12,NOT_APPLICABLE_UNSUPERVISED_FULL_DATA,"{""clustering"": 2718, ""metric_subsample"": 0, ""numpy"": 2718, ""python"": 2718, ""representation"": 0}",BASE_SPACE,BASE_SPACE,transparent_baseline,8b5e9d239e910ca0a1efa496442b6d898fc0f6b2,08_experiments/EXP-LN-D1-SPACE-KMEANS-S2718/config.yaml,08_experiments/EXP-LN-D1-SPACE-KMEANS-S2718/embedding.npz,common_KMeans_clustering,08_experiments/EXP-LN-D1-SPACE-KMEANS-S2718/metrics.json,0.0837889589893166,08_experiments/EXP-LN-D1-SPACE-KMEANS-S2718/environment.json,08_experiments/EXP-LN-D1-SPACE-KMEANS-S2718/saved_artifacts_manifest.json,08_experiments/EXP-LN-D1-SPACE-KMEANS-S2718/metrics.json,R3_PROJECT_DATA_BASELINE,08_experiments/EXP-LN-D1-SPACE-KMEANS-S2718/provenance.json,2026-09-11T19:24:57.182700+00:00,2026-09-11T19:24:57.266692+00:00,SCIENTIFIC_BASELINE_RUN; K from reference annotation count is privileged; source X semantics and coordinate units remain UNKNOWN; runtime excludes shared representation build
EXP-LN-D1-SPACE-KMEANS-S31415,,P3C-LN_D1-SPACE,P3C_INFRASTRUCTURE_VALIDATION,SUCCEEDED,10x_human_lymph_node_D1,PHASE1D_SHA256_MANIFEST,PHASE_3C_CONFIG_FREEZE_2026-09-12,NOT_APPLICABLE_UNSUPERVISED_FULL_DATA,"{""clustering"": 31415, ""metric_subsample"": 0, ""numpy"": 31415, ""python"": 31415, ""representation"": 0}",BASE_SPACE,BASE_SPACE,transparent_baseline,8b5e9d239e910ca0a1efa496442b6d898fc0f6b2,08_experiments/EXP-LN-D1-SPACE-KMEANS-S31415/config.yaml,08_experiments/EXP-LN-D1-SPACE-KMEANS-S31415/embedding.npz,common_KMeans_clustering,08_experiments/EXP-LN-D1-SPACE-KMEANS-S31415/metrics.json,0.08444854199478868,08_experiments/EXP-LN-D1-SPACE-KMEANS-S31415/environment.json,08_experiments/EXP-LN-D1-SPACE-KMEANS-S31415/saved_artifacts_manifest.json,08_experiments/EXP-LN-D1-SPACE-KMEANS-S31415/metrics.json,R3_PROJECT_DATA_BASELINE,08_experiments/EXP-LN-D1-SPACE-KMEANS-S31415/provenance.json,2026-09-11T19:24:57.322492+00:00,2026-09-11T19:24:57.407133+00:00,SCIENTIFIC_BASELINE_RUN; K from reference annotation count is privileged; source X semantics and coordinate units remain UNKNOWN; runtime excludes shared representation build
EXP-LN-D1-ADT-KMEANS-S1729,,P3C-LN_D1-ADT,P3C_INFRASTRUCTURE_VALIDATION,SUCCEEDED,10x_human_lymph_node_D1,PHASE1D_SHA256_MANIFEST,PHASE_3C_CONFIG_FREEZE_2026-09-12,NOT_APPLICABLE_UNSUPERVISED_FULL_DATA,"{""clustering"": 1729, ""metric_subsample"": 0, ""numpy"": 1729, ""python"": 1729, ""representation"": 0}",BASE_SECOND,BASE_SECOND,transparent_baseline,8b5e9d239e910ca0a1efa496442b6d898fc0f6b2,08_experiments/EXP-LN-D1-ADT-KMEANS-S1729/config.yaml,08_experiments/EXP-LN-D1-ADT-KMEANS-S1729/embedding.npz,common_KMeans_clustering,08_experiments/EXP-LN-D1-ADT-KMEANS-S1729/metrics.json,0.15270654199412093,08_experiments/EXP-LN-D1-ADT-KMEANS-S1729/environment.json,08_experiments/EXP-LN-D1-ADT-KMEANS-S1729/saved_artifacts_manifest.json,08_experiments/EXP-LN-D1-ADT-KMEANS-S1729/metrics.json,R3_PROJECT_DATA_BASELINE,08_experiments/EXP-LN-D1-ADT-KMEANS-S1729/provenance.json,2026-09-11T19:24:57.465718+00:00,2026-09-11T19:24:57.618654+00:00,SCIENTIFIC_BASELINE_RUN; K from reference annotation count is privileged; source X semantics and coordinate units remain UNKNOWN; runtime excludes shared representation build
EXP-LN-D1-ADT-KMEANS-S2718,,P3C-LN_D1-ADT,P3C_INFRASTRUCTURE_VALIDATION,SUCCEEDED,10x_human_lymph_node_D1,PHASE1D_SHA256_MANIFEST,PHASE_3C_CONFIG_FREEZE_2026-09-12,NOT_APPLICABLE_UNSUPERVISED_FULL_DATA,"{""clustering"": 2718, ""metric_subsample"": 0, ""numpy"": 2718, ""python"": 2718, ""representation"": 0}",BASE_SECOND,BASE_SECOND,transparent_baseline,8b5e9d239e910ca0a1efa496442b6d898fc0f6b2,08_experiments/EXP-LN-D1-ADT-KMEANS-S2718/config.yaml,08_experiments/EXP-LN-D1-ADT-KMEANS-S2718/embedding.npz,common_KMeans_clustering,08_experiments/EXP-LN-D1-ADT-KMEANS-S2718/metrics.json,0.155706082994584,08_experiments/EXP-LN-D1-ADT-KMEANS-S2718/environment.json,08_experiments/EXP-LN-D1-ADT-KMEANS-S2718/saved_artifacts_manifest.json,08_experiments/EXP-LN-D1-ADT-KMEANS-S2718/metrics.json,R3_PROJECT_DATA_BASELINE,08_experiments/EXP-LN-D1-ADT-KMEANS-S2718/provenance.json,2026-09-11T19:24:57.684774+00:00,2026-09-11T19:24:57.840712+00:00,SCIENTIFIC_BASELINE_RUN; K from reference annotation count is privileged; source X semantics and coordinate units remain UNKNOWN; runtime excludes shared representation build
EXP-LN-D1-ADT-KMEANS-S31415,,P3C-LN_D1-ADT,P3C_INFRASTRUCTURE_VALIDATION,SUCCEEDED,10x_human_lymph_node_D1,PHASE1D_SHA256_MANIFEST,PHASE_3C_CONFIG_FREEZE_2026-09-12,NOT_APPLICABLE_UNSUPERVISED_FULL_DATA,"{""clustering"": 31415, ""metric_subsample"": 0, ""numpy"": 31415, ""python"": 31415, ""representation"": 0}",BASE_SECOND,BASE_SECOND,transparent_baseline,8b5e9d239e910ca0a1efa496442b6d898fc0f6b2,08_experiments/EXP-LN-D1-ADT-KMEANS-S31415/config.yaml,08_experiments/EXP-LN-D1-ADT-KMEANS-S31415/embedding.npz,common_KMeans_clustering,08_experiments/EXP-LN-D1-ADT-KMEANS-S31415/metrics.json,0.15578141699370462,08_experiments/EXP-LN-D1-ADT-KMEANS-S31415/environment.json,08_experiments/EXP-LN-D1-ADT-KMEANS-S31415/saved_artifacts_manifest.json,08_experiments/EXP-LN-D1-ADT-KMEANS-S31415/metrics.json,R3_PROJECT_DATA_BASELINE,08_experiments/EXP-LN-D1-ADT-KMEANS-S31415/provenance.json,2026-09-11T19:24:57.907182+00:00,2026-09-11T19:24:58.063157+00:00,SCIENTIFIC_BASELINE_RUN; K from reference annotation count is privileged; source X semantics and coordinate units remain UNKNOWN; runtime excludes shared representation build
EXP-LN-D1-CONCAT-KMEANS-S1729,,P3C-LN_D1-CONCAT,P3C_INFRASTRUCTURE_VALIDATION,SUCCEEDED,10x_human_lymph_node_D1,PHASE1D_SHA256_MANIFEST,PHASE_3C_CONFIG_FREEZE_2026-09-12,NOT_APPLICABLE_UNSUPERVISED_FULL_DATA,"{""clustering"": 1729, ""metric_subsample"": 0, ""numpy"": 1729, ""python"": 1729, ""representation"": 0}",BASE_CONCAT,BASE_CONCAT,transparent_baseline,8b5e9d239e910ca0a1efa496442b6d898fc0f6b2,08_experiments/EXP-LN-D1-CONCAT-KMEANS-S1729/config.yaml,08_experiments/EXP-LN-D1-CONCAT-KMEANS-S1729/embedding.npz,common_KMeans_clustering,08_experiments/EXP-LN-D1-CONCAT-KMEANS-S1729/metrics.json,6.51446637501067,08_experiments/EXP-LN-D1-CONCAT-KMEANS-S1729/environment.json,08_experiments/EXP-LN-D1-CONCAT-KMEANS-S1729/saved_artifacts_manifest.json,08_experiments/EXP-LN-D1-CONCAT-KMEANS-S1729/metrics.json,R3_PROJECT_DATA_BASELINE,08_experiments/EXP-LN-D1-CONCAT-KMEANS-S1729/provenance.json,2026-09-11T19:24:58.132285+00:00,2026-09-11T19:25:04.646996+00:00,SCIENTIFIC_BASELINE_RUN; K from reference annotation count is privileged; source X semantics and coordinate units remain UNKNOWN; runtime excludes shared representation build
EXP-LN-D1-CONCAT-KMEANS-S2718,,P3C-LN_D1-CONCAT,P3C_INFRASTRUCTURE_VALIDATION,SUCCEEDED,10x_human_lymph_node_D1,PHASE1D_SHA256_MANIFEST,PHASE_3C_CONFIG_FREEZE_2026-09-12,NOT_APPLICABLE_UNSUPERVISED_FULL_DATA,"{""clustering"": 2718, ""metric_subsample"": 0, ""numpy"": 2718, ""python"": 2718, ""representation"": 0}",BASE_CONCAT,BASE_CONCAT,transparent_baseline,8b5e9d239e910ca0a1efa496442b6d898fc0f6b2,08_experiments/EXP-LN-D1-CONCAT-KMEANS-S2718/config.yaml,08_experiments/EXP-LN-D1-CONCAT-KMEANS-S2718/embedding.npz,common_KMeans_clustering,08_experiments/EXP-LN-D1-CONCAT-KMEANS-S2718/metrics.json,7.511949833002291,08_experiments/EXP-LN-D1-CONCAT-KMEANS-S2718/environment.json,08_experiments/EXP-LN-D1-CONCAT-KMEANS-S2718/saved_artifacts_manifest.json,08_experiments/EXP-LN-D1-CONCAT-KMEANS-S2718/metrics.json,R3_PROJECT_DATA_BASELINE,08_experiments/EXP-LN-D1-CONCAT-KMEANS-S2718/provenance.json,2026-09-11T19:25:04.724886+00:00,2026-09-11T19:25:12.237103+00:00,SCIENTIFIC_BASELINE_RUN; K from reference annotation count is privileged; source X semantics and coordinate units remain UNKNOWN; runtime excludes shared representation build
EXP-LN-D1-CONCAT-KMEANS-S31415,,P3C-LN_D1-CONCAT,P3C_INFRASTRUCTURE_VALIDATION,SUCCEEDED,10x_human_lymph_node_D1,PHASE1D_SHA256_MANIFEST,PHASE_3C_CONFIG_FREEZE_2026-09-12,NOT_APPLICABLE_UNSUPERVISED_FULL_DATA,"{""clustering"": 31415, ""metric_subsample"": 0, ""numpy"": 31415, ""python"": 31415, ""representation"": 0}",BASE_CONCAT,BASE_CONCAT,transparent_baseline,8b5e9d239e910ca0a1efa496442b6d898fc0f6b2,08_experiments/EXP-LN-D1-CONCAT-KMEANS-S31415/config.yaml,08_experiments/EXP-LN-D1-CONCAT-KMEANS-S31415/embedding.npz,common_KMeans_clustering,08_experiments/EXP-LN-D1-CONCAT-KMEANS-S31415/metrics.json,7.893806540989317,08_experiments/EXP-LN-D1-CONCAT-KMEANS-S31415/environment.json,08_experiments/EXP-LN-D1-CONCAT-KMEANS-S31415/saved_artifacts_manifest.json,08_experiments/EXP-LN-D1-CONCAT-KMEANS-S31415/metrics.json,R3_PROJECT_DATA_BASELINE,08_experiments/EXP-LN-D1-CONCAT-KMEANS-S31415/provenance.json,2026-09-11T19:25:12.325227+00:00,2026-09-11T19:25:20.219309+00:00,SCIENTIFIC_BASELINE_RUN; K from reference annotation count is privileged; source X semantics and coordinate units remain UNKNOWN; runtime excludes shared representation build
EXP-MB-E11-RNA-KMEANS-S1729,,P3C-MB_E11-RNA,P3C_INFRASTRUCTURE_VALIDATION,SUCCEEDED,Mouse_Brain_E11_S1,PHASE1D_SHA256_MANIFEST,PHASE_3C_CONFIG_FREEZE_2026-09-12,NOT_APPLICABLE_UNSUPERVISED_FULL_DATA,"{""clustering"": 1729, ""metric_subsample"": 0, ""numpy"": 1729, ""python"": 1729, ""representation"": 0}",BASE_RNA,BASE_RNA,transparent_baseline,8b5e9d239e910ca0a1efa496442b6d898fc0f6b2,08_experiments/EXP-MB-E11-RNA-KMEANS-S1729/config.yaml,08_experiments/EXP-MB-E11-RNA-KMEANS-S1729/embedding.npz,common_KMeans_clustering,08_experiments/EXP-MB-E11-RNA-KMEANS-S1729/metrics.json,1.7899821249884553,08_experiments/EXP-MB-E11-RNA-KMEANS-S1729/environment.json,08_experiments/EXP-MB-E11-RNA-KMEANS-S1729/saved_artifacts_manifest.json,08_experiments/EXP-MB-E11-RNA-KMEANS-S1729/metrics.json,R3_PROJECT_DATA_BASELINE,08_experiments/EXP-MB-E11-RNA-KMEANS-S1729/provenance.json,2026-09-11T19:25:23.683927+00:00,2026-09-11T19:25:25.474162+00:00,SCIENTIFIC_BASELINE_RUN; K from reference annotation count is privileged; source X semantics and coordinate units remain UNKNOWN; runtime excludes shared representation build
EXP-MB-E11-RNA-KMEANS-S2718,,P3C-MB_E11-RNA,P3C_INFRASTRUCTURE_VALIDATION,SUCCEEDED,Mouse_Brain_E11_S1,PHASE1D_SHA256_MANIFEST,PHASE_3C_CONFIG_FREEZE_2026-09-12,NOT_APPLICABLE_UNSUPERVISED_FULL_DATA,"{""clustering"": 2718, ""metric_subsample"": 0, ""numpy"": 2718, ""python"": 2718, ""representation"": 0}",BASE_RNA,BASE_RNA,transparent_baseline,8b5e9d239e910ca0a1efa496442b6d898fc0f6b2,08_experiments/EXP-MB-E11-RNA-KMEANS-S2718/config.yaml,08_experiments/EXP-MB-E11-RNA-KMEANS-S2718/embedding.npz,common_KMeans_clustering,08_experiments/EXP-MB-E11-RNA-KMEANS-S2718/metrics.json,1.7940216669958318,08_experiments/EXP-MB-E11-RNA-KMEANS-S2718/environment.json,08_experiments/EXP-MB-E11-RNA-KMEANS-S2718/saved_artifacts_manifest.json,08_experiments/EXP-MB-E11-RNA-KMEANS-S2718/metrics.json,R3_PROJECT_DATA_BASELINE,08_experiments/EXP-MB-E11-RNA-KMEANS-S2718/provenance.json,2026-09-11T19:25:25.548949+00:00,2026-09-11T19:25:27.343207+00:00,SCIENTIFIC_BASELINE_RUN; K from reference annotation count is privileged; source X semantics and coordinate units remain UNKNOWN; runtime excludes shared representation build
EXP-MB-E11-RNA-KMEANS-S31415,,P3C-MB_E11-RNA,P3C_INFRASTRUCTURE_VALIDATION,SUCCEEDED,Mouse_Brain_E11_S1,PHASE1D_SHA256_MANIFEST,PHASE_3C_CONFIG_FREEZE_2026-09-12,NOT_APPLICABLE_UNSUPERVISED_FULL_DATA,"{""clustering"": 31415, ""metric_subsample"": 0, ""numpy"": 31415, ""python"": 31415, ""representation"": 0}",BASE_RNA,BASE_RNA,transparent_baseline,8b5e9d239e910ca0a1efa496442b6d898fc0f6b2,08_experiments/EXP-MB-E11-RNA-KMEANS-S31415/config.yaml,08_experiments/EXP-MB-E11-RNA-KMEANS-S31415/embedding.npz,common_KMeans_clustering,08_experiments/EXP-MB-E11-RNA-KMEANS-S31415/metrics.json,2.056715584010817,08_experiments/EXP-MB-E11-RNA-KMEANS-S31415/environment.json,08_experiments/EXP-MB-E11-RNA-KMEANS-S31415/saved_artifacts_manifest.json,08_experiments/EXP-MB-E11-RNA-KMEANS-S31415/metrics.json,R3_PROJECT_DATA_BASELINE,08_experiments/EXP-MB-E11-RNA-KMEANS-S31415/provenance.json,2026-09-11T19:25:27.417080+00:00,2026-09-11T19:25:29.474123+00:00,SCIENTIFIC_BASELINE_RUN; K from reference annotation count is privileged; source X semantics and coordinate units remain UNKNOWN; runtime excludes shared representation build
EXP-MB-E11-PCA-KMEANS-S1729,,P3C-MB_E11-PCA,P3C_INFRASTRUCTURE_VALIDATION,SUCCEEDED,Mouse_Brain_E11_S1,PHASE1D_SHA256_MANIFEST,PHASE_3C_CONFIG_FREEZE_2026-09-12,NOT_APPLICABLE_UNSUPERVISED_FULL_DATA,"{""clustering"": 1729, ""metric_subsample"": 0, ""numpy"": 1729, ""python"": 1729, ""representation"": 0}",PCA_CLASSICAL,PCA_CLASSICAL,transparent_baseline,8b5e9d239e910ca0a1efa496442b6d898fc0f6b2,08_experiments/EXP-MB-E11-PCA-KMEANS-S1729/config.yaml,08_experiments/EXP-MB-E11-PCA-KMEANS-S1729/embedding.npz,common_KMeans_clustering,08_experiments/EXP-MB-E11-PCA-KMEANS-S1729/metrics.json,0.05768887500744313,08_experiments/EXP-MB-E11-PCA-KMEANS-S1729/environment.json,08_experiments/EXP-MB-E11-PCA-KMEANS-S1729/saved_artifacts_manifest.json,08_experiments/EXP-MB-E11-PCA-KMEANS-S1729/metrics.json,R3_PROJECT_DATA_BASELINE,08_experiments/EXP-MB-E11-PCA-KMEANS-S1729/provenance.json,2026-09-11T19:25:29.558541+00:00,2026-09-11T19:25:29.616440+00:00,SCIENTIFIC_BASELINE_RUN; K from reference annotation count is privileged; source X semantics and coordinate units remain UNKNOWN; runtime excludes shared representation build
EXP-MB-E11-PCA-KMEANS-S2718,,P3C-MB_E11-PCA,P3C_INFRASTRUCTURE_VALIDATION,SUCCEEDED,Mouse_Brain_E11_S1,PHASE1D_SHA256_MANIFEST,PHASE_3C_CONFIG_FREEZE_2026-09-12,NOT_APPLICABLE_UNSUPERVISED_FULL_DATA,"{""clustering"": 2718, ""metric_subsample"": 0, ""numpy"": 2718, ""python"": 2718, ""representation"": 0}",PCA_CLASSICAL,PCA_CLASSICAL,transparent_baseline,8b5e9d239e910ca0a1efa496442b6d898fc0f6b2,08_experiments/EXP-MB-E11-PCA-KMEANS-S2718/config.yaml,08_experiments/EXP-MB-E11-PCA-KMEANS-S2718/embedding.npz,common_KMeans_clustering,08_experiments/EXP-MB-E11-PCA-KMEANS-S2718/metrics.json,0.05567012500250712,08_experiments/EXP-MB-E11-PCA-KMEANS-S2718/environment.json,08_experiments/EXP-MB-E11-PCA-KMEANS-S2718/saved_artifacts_manifest.json,08_experiments/EXP-MB-E11-PCA-KMEANS-S2718/metrics.json,R3_PROJECT_DATA_BASELINE,08_experiments/EXP-MB-E11-PCA-KMEANS-S2718/provenance.json,2026-09-11T19:25:29.684305+00:00,2026-09-11T19:25:29.740190+00:00,SCIENTIFIC_BASELINE_RUN; K from reference annotation count is privileged; source X semantics and coordinate units remain UNKNOWN; runtime excludes shared representation build
EXP-MB-E11-PCA-KMEANS-S31415,,P3C-MB_E11-PCA,P3C_INFRASTRUCTURE_VALIDATION,SUCCEEDED,Mouse_Brain_E11_S1,PHASE1D_SHA256_MANIFEST,PHASE_3C_CONFIG_FREEZE_2026-09-12,NOT_APPLICABLE_UNSUPERVISED_FULL_DATA,"{""clustering"": 31415, ""metric_subsample"": 0, ""numpy"": 31415, ""python"": 31415, ""representation"": 0}",PCA_CLASSICAL,PCA_CLASSICAL,transparent_baseline,8b5e9d239e910ca0a1efa496442b6d898fc0f6b2,08_experiments/EXP-MB-E11-PCA-KMEANS-S31415/config.yaml,08_experiments/EXP-MB-E11-PCA-KMEANS-S31415/embedding.npz,common_KMeans_clustering,08_experiments/EXP-MB-E11-PCA-KMEANS-S31415/metrics.json,0.05452362500363961,08_experiments/EXP-MB-E11-PCA-KMEANS-S31415/environment.json,08_experiments/EXP-MB-E11-PCA-KMEANS-S31415/saved_artifacts_manifest.json,08_experiments/EXP-MB-E11-PCA-KMEANS-S31415/metrics.json,R3_PROJECT_DATA_BASELINE,08_experiments/EXP-MB-E11-PCA-KMEANS-S31415/provenance.json,2026-09-11T19:25:29.808214+00:00,2026-09-11T19:25:29.862945+00:00,SCIENTIFIC_BASELINE_RUN; K from reference annotation count is privileged; source X semantics and coordinate units remain UNKNOWN; runtime excludes shared representation build
EXP-MB-E11-SPACE-KMEANS-S1729,,P3C-MB_E11-SPACE,P3C_INFRASTRUCTURE_VALIDATION,SUCCEEDED,Mouse_Brain_E11_S1,PHASE1D_SHA256_MANIFEST,PHASE_3C_CONFIG_FREEZE_2026-09-12,NOT_APPLICABLE_UNSUPERVISED_FULL_DATA,"{""clustering"": 1729, ""metric_subsample"": 0, ""numpy"": 1729, ""python"": 1729, ""representation"": 0}",BASE_SPACE,BASE_SPACE,transparent_baseline,8b5e9d239e910ca0a1efa496442b6d898fc0f6b2,08_experiments/EXP-MB-E11-SPACE-KMEANS-S1729/config.yaml,08_experiments/EXP-MB-E11-SPACE-KMEANS-S1729/embedding.npz,common_KMeans_clustering,08_experiments/EXP-MB-E11-SPACE-KMEANS-S1729/metrics.json,0.03593616600846872,08_experiments/EXP-MB-E11-SPACE-KMEANS-S1729/environment.json,08_experiments/EXP-MB-E11-SPACE-KMEANS-S1729/saved_artifacts_manifest.json,08_experiments/EXP-MB-E11-SPACE-KMEANS-S1729/metrics.json,R3_PROJECT_DATA_BASELINE,08_experiments/EXP-MB-E11-SPACE-KMEANS-S1729/provenance.json,2026-09-11T19:25:29.926853+00:00,2026-09-11T19:25:29.962981+00:00,SCIENTIFIC_BASELINE_RUN; K from reference annotation count is privileged; source X semantics and coordinate units remain UNKNOWN; runtime excludes shared representation build
EXP-MB-E11-SPACE-KMEANS-S2718,,P3C-MB_E11-SPACE,P3C_INFRASTRUCTURE_VALIDATION,SUCCEEDED,Mouse_Brain_E11_S1,PHASE1D_SHA256_MANIFEST,PHASE_3C_CONFIG_FREEZE_2026-09-12,NOT_APPLICABLE_UNSUPERVISED_FULL_DATA,"{""clustering"": 2718, ""metric_subsample"": 0, ""numpy"": 2718, ""python"": 2718, ""representation"": 0}",BASE_SPACE,BASE_SPACE,transparent_baseline,8b5e9d239e910ca0a1efa496442b6d898fc0f6b2,08_experiments/EXP-MB-E11-SPACE-KMEANS-S2718/config.yaml,08_experiments/EXP-MB-E11-SPACE-KMEANS-S2718/embedding.npz,common_KMeans_clustering,08_experiments/EXP-MB-E11-SPACE-KMEANS-S2718/metrics.json,0.034523916998296045,08_experiments/EXP-MB-E11-SPACE-KMEANS-S2718/environment.json,08_experiments/EXP-MB-E11-SPACE-KMEANS-S2718/saved_artifacts_manifest.json,08_experiments/EXP-MB-E11-SPACE-KMEANS-S2718/metrics.json,R3_PROJECT_DATA_BASELINE,08_experiments/EXP-MB-E11-SPACE-KMEANS-S2718/provenance.json,2026-09-11T19:25:30.024926+00:00,2026-09-11T19:25:30.059650+00:00,SCIENTIFIC_BASELINE_RUN; K from reference annotation count is privileged; source X semantics and coordinate units remain UNKNOWN; runtime excludes shared representation build
EXP-MB-E11-SPACE-KMEANS-S31415,,P3C-MB_E11-SPACE,P3C_INFRASTRUCTURE_VALIDATION,SUCCEEDED,Mouse_Brain_E11_S1,PHASE1D_SHA256_MANIFEST,PHASE_3C_CONFIG_FREEZE_2026-09-12,NOT_APPLICABLE_UNSUPERVISED_FULL_DATA,"{""clustering"": 31415, ""metric_subsample"": 0, ""numpy"": 31415, ""python"": 31415, ""representation"": 0}",BASE_SPACE,BASE_SPACE,transparent_baseline,8b5e9d239e910ca0a1efa496442b6d898fc0f6b2,08_experiments/EXP-MB-E11-SPACE-KMEANS-S31415/config.yaml,08_experiments/EXP-MB-E11-SPACE-KMEANS-S31415/embedding.npz,common_KMeans_clustering,08_experiments/EXP-MB-E11-SPACE-KMEANS-S31415/metrics.json,0.0355567090009572,08_experiments/EXP-MB-E11-SPACE-KMEANS-S31415/environment.json,08_experiments/EXP-MB-E11-SPACE-KMEANS-S31415/saved_artifacts_manifest.json,08_experiments/EXP-MB-E11-SPACE-KMEANS-S31415/metrics.json,R3_PROJECT_DATA_BASELINE,08_experiments/EXP-MB-E11-SPACE-KMEANS-S31415/provenance.json,2026-09-11T19:25:30.119131+00:00,2026-09-11T19:25:30.154897+00:00,SCIENTIFIC_BASELINE_RUN; K from reference annotation count is privileged; source X semantics and coordinate units remain UNKNOWN; runtime excludes shared representation build
EXP-MB-E11-ATAC-KMEANS-S1729,,P3C-MB_E11-ATAC,P3C_INFRASTRUCTURE_VALIDATION,SUCCEEDED,Mouse_Brain_E11_S1,PHASE1D_SHA256_MANIFEST,PHASE_3C_CONFIG_FREEZE_2026-09-12,NOT_APPLICABLE_UNSUPERVISED_FULL_DATA,"{""clustering"": 1729, ""metric_subsample"": 0, ""numpy"": 1729, ""python"": 1729, ""representation"": 0}",BASE_SECOND,BASE_SECOND,transparent_baseline,8b5e9d239e910ca0a1efa496442b6d898fc0f6b2,08_experiments/EXP-MB-E11-ATAC-KMEANS-S1729/config.yaml,08_experiments/EXP-MB-E11-ATAC-KMEANS-S1729/embedding.npz,common_KMeans_clustering,08_experiments/EXP-MB-E11-ATAC-KMEANS-S1729/metrics.json,0.03450079199683387,08_experiments/EXP-MB-E11-ATAC-KMEANS-S1729/environment.json,08_experiments/EXP-MB-E11-ATAC-KMEANS-S1729/saved_artifacts_manifest.json,08_experiments/EXP-MB-E11-ATAC-KMEANS-S1729/metrics.json,R3_PROJECT_DATA_BASELINE,08_experiments/EXP-MB-E11-ATAC-KMEANS-S1729/provenance.json,2026-09-11T19:25:30.219265+00:00,2026-09-11T19:25:30.253972+00:00,SCIENTIFIC_BASELINE_RUN; K from reference annotation count is privileged; source X semantics and coordinate units remain UNKNOWN; runtime excludes shared representation build
EXP-MB-E11-ATAC-KMEANS-S2718,,P3C-MB_E11-ATAC,P3C_INFRASTRUCTURE_VALIDATION,SUCCEEDED,Mouse_Brain_E11_S1,PHASE1D_SHA256_MANIFEST,PHASE_3C_CONFIG_FREEZE_2026-09-12,NOT_APPLICABLE_UNSUPERVISED_FULL_DATA,"{""clustering"": 2718, ""metric_subsample"": 0, ""numpy"": 2718, ""python"": 2718, ""representation"": 0}",BASE_SECOND,BASE_SECOND,transparent_baseline,8b5e9d239e910ca0a1efa496442b6d898fc0f6b2,08_experiments/EXP-MB-E11-ATAC-KMEANS-S2718/config.yaml,08_experiments/EXP-MB-E11-ATAC-KMEANS-S2718/embedding.npz,common_KMeans_clustering,08_experiments/EXP-MB-E11-ATAC-KMEANS-S2718/metrics.json,0.06368291600665543,08_experiments/EXP-MB-E11-ATAC-KMEANS-S2718/environment.json,08_experiments/EXP-MB-E11-ATAC-KMEANS-S2718/saved_artifacts_manifest.json,08_experiments/EXP-MB-E11-ATAC-KMEANS-S2718/metrics.json,R3_PROJECT_DATA_BASELINE,08_experiments/EXP-MB-E11-ATAC-KMEANS-S2718/provenance.json,2026-09-11T19:25:30.312818+00:00,2026-09-11T19:25:30.376703+00:00,SCIENTIFIC_BASELINE_RUN; K from reference annotation count is privileged; source X semantics and coordinate units remain UNKNOWN; runtime excludes shared representation build
EXP-MB-E11-ATAC-KMEANS-S31415,,P3C-MB_E11-ATAC,P3C_INFRASTRUCTURE_VALIDATION,SUCCEEDED,Mouse_Brain_E11_S1,PHASE1D_SHA256_MANIFEST,PHASE_3C_CONFIG_FREEZE_2026-09-12,NOT_APPLICABLE_UNSUPERVISED_FULL_DATA,"{""clustering"": 31415, ""metric_subsample"": 0, ""numpy"": 31415, ""python"": 31415, ""representation"": 0}",BASE_SECOND,BASE_SECOND,transparent_baseline,8b5e9d239e910ca0a1efa496442b6d898fc0f6b2,08_experiments/EXP-MB-E11-ATAC-KMEANS-S31415/config.yaml,08_experiments/EXP-MB-E11-ATAC-KMEANS-S31415/embedding.npz,common_KMeans_clustering,08_experiments/EXP-MB-E11-ATAC-KMEANS-S31415/metrics.json,0.035328917001606897,08_experiments/EXP-MB-E11-ATAC-KMEANS-S31415/environment.json,08_experiments/EXP-MB-E11-ATAC-KMEANS-S31415/saved_artifacts_manifest.json,08_experiments/EXP-MB-E11-ATAC-KMEANS-S31415/metrics.json,R3_PROJECT_DATA_BASELINE,08_experiments/EXP-MB-E11-ATAC-KMEANS-S31415/provenance.json,2026-09-11T19:25:30.437805+00:00,2026-09-11T19:25:30.473328+00:00,SCIENTIFIC_BASELINE_RUN; K from reference annotation count is privileged; source X semantics and coordinate units remain UNKNOWN; runtime excludes shared representation build
EXP-MB-E11-CONCAT-KMEANS-S1729,,P3C-MB_E11-CONCAT,P3C_INFRASTRUCTURE_VALIDATION,SUCCEEDED,Mouse_Brain_E11_S1,PHASE1D_SHA256_MANIFEST,PHASE_3C_CONFIG_FREEZE_2026-09-12,NOT_APPLICABLE_UNSUPERVISED_FULL_DATA,"{""clustering"": 1729, ""metric_subsample"": 0, ""numpy"": 1729, ""python"": 1729, ""representation"": 0}",BASE_CONCAT,BASE_CONCAT,transparent_baseline,8b5e9d239e910ca0a1efa496442b6d898fc0f6b2,08_experiments/EXP-MB-E11-CONCAT-KMEANS-S1729/config.yaml,08_experiments/EXP-MB-E11-CONCAT-KMEANS-S1729/embedding.npz,common_KMeans_clustering,08_experiments/EXP-MB-E11-CONCAT-KMEANS-S1729/metrics.json,1.5958442499977536,08_experiments/EXP-MB-E11-CONCAT-KMEANS-S1729/environment.json,08_experiments/EXP-MB-E11-CONCAT-KMEANS-S1729/saved_artifacts_manifest.json,08_experiments/EXP-MB-E11-CONCAT-KMEANS-S1729/metrics.json,R3_PROJECT_DATA_BASELINE,08_experiments/EXP-MB-E11-CONCAT-KMEANS-S1729/provenance.json,2026-09-11T19:25:30.534540+00:00,2026-09-11T19:25:32.130600+00:00,SCIENTIFIC_BASELINE_RUN; K from reference annotation count is privileged; source X semantics and coordinate units remain UNKNOWN; runtime excludes shared representation build
EXP-MB-E11-CONCAT-KMEANS-S2718,,P3C-MB_E11-CONCAT,P3C_INFRASTRUCTURE_VALIDATION,SUCCEEDED,Mouse_Brain_E11_S1,PHASE1D_SHA256_MANIFEST,PHASE_3C_CONFIG_FREEZE_2026-09-12,NOT_APPLICABLE_UNSUPERVISED_FULL_DATA,"{""clustering"": 2718, ""metric_subsample"": 0, ""numpy"": 2718, ""python"": 2718, ""representation"": 0}",BASE_CONCAT,BASE_CONCAT,transparent_baseline,8b5e9d239e910ca0a1efa496442b6d898fc0f6b2,08_experiments/EXP-MB-E11-CONCAT-KMEANS-S2718/config.yaml,08_experiments/EXP-MB-E11-CONCAT-KMEANS-S2718/embedding.npz,common_KMeans_clustering,08_experiments/EXP-MB-E11-CONCAT-KMEANS-S2718/metrics.json,1.721610916996724,08_experiments/EXP-MB-E11-CONCAT-KMEANS-S2718/environment.json,08_experiments/EXP-MB-E11-CONCAT-KMEANS-S2718/saved_artifacts_manifest.json,08_experiments/EXP-MB-E11-CONCAT-KMEANS-S2718/metrics.json,R3_PROJECT_DATA_BASELINE,08_experiments/EXP-MB-E11-CONCAT-KMEANS-S2718/provenance.json,2026-09-11T19:25:32.201641+00:00,2026-09-11T19:25:33.923482+00:00,SCIENTIFIC_BASELINE_RUN; K from reference annotation count is privileged; source X semantics and coordinate units remain UNKNOWN; runtime excludes shared representation build
EXP-MB-E11-CONCAT-KMEANS-S31415,,P3C-MB_E11-CONCAT,P3C_INFRASTRUCTURE_VALIDATION,SUCCEEDED,Mouse_Brain_E11_S1,PHASE1D_SHA256_MANIFEST,PHASE_3C_CONFIG_FREEZE_2026-09-12,NOT_APPLICABLE_UNSUPERVISED_FULL_DATA,"{""clustering"": 31415, ""metric_subsample"": 0, ""numpy"": 31415, ""python"": 31415, ""representation"": 0}",BASE_CONCAT,BASE_CONCAT,transparent_baseline,8b5e9d239e910ca0a1efa496442b6d898fc0f6b2,08_experiments/EXP-MB-E11-CONCAT-KMEANS-S31415/config.yaml,08_experiments/EXP-MB-E11-CONCAT-KMEANS-S31415/embedding.npz,common_KMeans_clustering,08_experiments/EXP-MB-E11-CONCAT-KMEANS-S31415/metrics.json,1.7488576250034384,08_experiments/EXP-MB-E11-CONCAT-KMEANS-S31415/environment.json,08_experiments/EXP-MB-E11-CONCAT-KMEANS-S31415/saved_artifacts_manifest.json,08_experiments/EXP-MB-E11-CONCAT-KMEANS-S31415/metrics.json,R3_PROJECT_DATA_BASELINE,08_experiments/EXP-MB-E11-CONCAT-KMEANS-S31415/provenance.json,2026-09-11T19:25:33.997591+00:00,2026-09-11T19:25:35.746669+00:00,SCIENTIFIC_BASELINE_RUN; K from reference annotation count is privileged; source X semantics and coordinate units remain UNKNOWN; runtime excludes shared representation build
EXP-MB-E13-RNA-KMEANS-S1729,,P3C-MB_E13-RNA,P3C_INFRASTRUCTURE_VALIDATION,SUCCEEDED,Mouse_Brain_E13_S1,PHASE1D_SHA256_MANIFEST,PHASE_3C_CONFIG_FREEZE_2026-09-12,NOT_APPLICABLE_UNSUPERVISED_FULL_DATA,"{""clustering"": 1729, ""metric_subsample"": 0, ""numpy"": 1729, ""python"": 1729, ""representation"": 0}",BASE_RNA,BASE_RNA,transparent_baseline,8b5e9d239e910ca0a1efa496442b6d898fc0f6b2,08_experiments/EXP-MB-E13-RNA-KMEANS-S1729/config.yaml,08_experiments/EXP-MB-E13-RNA-KMEANS-S1729/embedding.npz,common_KMeans_clustering,08_experiments/EXP-MB-E13-RNA-KMEANS-S1729/metrics.json,2.731390749991988,08_experiments/EXP-MB-E13-RNA-KMEANS-S1729/environment.json,08_experiments/EXP-MB-E13-RNA-KMEANS-S1729/saved_artifacts_manifest.json,08_experiments/EXP-MB-E13-RNA-KMEANS-S1729/metrics.json,R3_PROJECT_DATA_BASELINE,08_experiments/EXP-MB-E13-RNA-KMEANS-S1729/provenance.json,2026-09-11T19:25:45.555397+00:00,2026-09-11T19:25:48.286063+00:00,SCIENTIFIC_BASELINE_RUN; K from reference annotation count is privileged; source X semantics and coordinate units remain UNKNOWN; runtime excludes shared representation build
EXP-MB-E13-RNA-KMEANS-S2718,,P3C-MB_E13-RNA,P3C_INFRASTRUCTURE_VALIDATION,SUCCEEDED,Mouse_Brain_E13_S1,PHASE1D_SHA256_MANIFEST,PHASE_3C_CONFIG_FREEZE_2026-09-12,NOT_APPLICABLE_UNSUPERVISED_FULL_DATA,"{""clustering"": 2718, ""metric_subsample"": 0, ""numpy"": 2718, ""python"": 2718, ""representation"": 0}",BASE_RNA,BASE_RNA,transparent_baseline,8b5e9d239e910ca0a1efa496442b6d898fc0f6b2,08_experiments/EXP-MB-E13-RNA-KMEANS-S2718/config.yaml,08_experiments/EXP-MB-E13-RNA-KMEANS-S2718/embedding.npz,common_KMeans_clustering,08_experiments/EXP-MB-E13-RNA-KMEANS-S2718/metrics.json,2.6278871660033474,08_experiments/EXP-MB-E13-RNA-KMEANS-S2718/environment.json,08_experiments/EXP-MB-E13-RNA-KMEANS-S2718/saved_artifacts_manifest.json,08_experiments/EXP-MB-E13-RNA-KMEANS-S2718/metrics.json,R3_PROJECT_DATA_BASELINE,08_experiments/EXP-MB-E13-RNA-KMEANS-S2718/provenance.json,2026-09-11T19:25:48.360487+00:00,2026-09-11T19:25:50.987834+00:00,SCIENTIFIC_BASELINE_RUN; K from reference annotation count is privileged; source X semantics and coordinate units remain UNKNOWN; runtime excludes shared representation build
EXP-MB-E13-RNA-KMEANS-S31415,,P3C-MB_E13-RNA,P3C_INFRASTRUCTURE_VALIDATION,SUCCEEDED,Mouse_Brain_E13_S1,PHASE1D_SHA256_MANIFEST,PHASE_3C_CONFIG_FREEZE_2026-09-12,NOT_APPLICABLE_UNSUPERVISED_FULL_DATA,"{""clustering"": 31415, ""metric_subsample"": 0, ""numpy"": 31415, ""python"": 31415, ""representation"": 0}",BASE_RNA,BASE_RNA,transparent_baseline,8b5e9d239e910ca0a1efa496442b6d898fc0f6b2,08_experiments/EXP-MB-E13-RNA-KMEANS-S31415/config.yaml,08_experiments/EXP-MB-E13-RNA-KMEANS-S31415/embedding.npz,common_KMeans_clustering,08_experiments/EXP-MB-E13-RNA-KMEANS-S31415/metrics.json,2.894169624996721,08_experiments/EXP-MB-E13-RNA-KMEANS-S31415/environment.json,08_experiments/EXP-MB-E13-RNA-KMEANS-S31415/saved_artifacts_manifest.json,08_experiments/EXP-MB-E13-RNA-KMEANS-S31415/metrics.json,R3_PROJECT_DATA_BASELINE,08_experiments/EXP-MB-E13-RNA-KMEANS-S31415/provenance.json,2026-09-11T19:25:51.060930+00:00,2026-09-11T19:25:53.954616+00:00,SCIENTIFIC_BASELINE_RUN; K from reference annotation count is privileged; source X semantics and coordinate units remain UNKNOWN; runtime excludes shared representation build
EXP-MB-E13-PCA-KMEANS-S1729,,P3C-MB_E13-PCA,P3C_INFRASTRUCTURE_VALIDATION,SUCCEEDED,Mouse_Brain_E13_S1,PHASE1D_SHA256_MANIFEST,PHASE_3C_CONFIG_FREEZE_2026-09-12,NOT_APPLICABLE_UNSUPERVISED_FULL_DATA,"{""clustering"": 1729, ""metric_subsample"": 0, ""numpy"": 1729, ""python"": 1729, ""representation"": 0}",PCA_CLASSICAL,PCA_CLASSICAL,transparent_baseline,8b5e9d239e910ca0a1efa496442b6d898fc0f6b2,08_experiments/EXP-MB-E13-PCA-KMEANS-S1729/config.yaml,08_experiments/EXP-MB-E13-PCA-KMEANS-S1729/embedding.npz,common_KMeans_clustering,08_experiments/EXP-MB-E13-PCA-KMEANS-S1729/metrics.json,0.0916658749920316,08_experiments/EXP-MB-E13-PCA-KMEANS-S1729/environment.json,08_experiments/EXP-MB-E13-PCA-KMEANS-S1729/saved_artifacts_manifest.json,08_experiments/EXP-MB-E13-PCA-KMEANS-S1729/metrics.json,R3_PROJECT_DATA_BASELINE,08_experiments/EXP-MB-E13-PCA-KMEANS-S1729/provenance.json,2026-09-11T19:25:54.033639+00:00,2026-09-11T19:25:54.125495+00:00,SCIENTIFIC_BASELINE_RUN; K from reference annotation count is privileged; source X semantics and coordinate units remain UNKNOWN; runtime excludes shared representation build
EXP-MB-E13-PCA-KMEANS-S2718,,P3C-MB_E13-PCA,P3C_INFRASTRUCTURE_VALIDATION,SUCCEEDED,Mouse_Brain_E13_S1,PHASE1D_SHA256_MANIFEST,PHASE_3C_CONFIG_FREEZE_2026-09-12,NOT_APPLICABLE_UNSUPERVISED_FULL_DATA,"{""clustering"": 2718, ""metric_subsample"": 0, ""numpy"": 2718, ""python"": 2718, ""representation"": 0}",PCA_CLASSICAL,PCA_CLASSICAL,transparent_baseline,8b5e9d239e910ca0a1efa496442b6d898fc0f6b2,08_experiments/EXP-MB-E13-PCA-KMEANS-S2718/config.yaml,08_experiments/EXP-MB-E13-PCA-KMEANS-S2718/embedding.npz,common_KMeans_clustering,08_experiments/EXP-MB-E13-PCA-KMEANS-S2718/metrics.json,0.0855119579937309,08_experiments/EXP-MB-E13-PCA-KMEANS-S2718/environment.json,08_experiments/EXP-MB-E13-PCA-KMEANS-S2718/saved_artifacts_manifest.json,08_experiments/EXP-MB-E13-PCA-KMEANS-S2718/metrics.json,R3_PROJECT_DATA_BASELINE,08_experiments/EXP-MB-E13-PCA-KMEANS-S2718/provenance.json,2026-09-11T19:25:54.189651+00:00,2026-09-11T19:25:54.275345+00:00,SCIENTIFIC_BASELINE_RUN; K from reference annotation count is privileged; source X semantics and coordinate units remain UNKNOWN; runtime excludes shared representation build
EXP-MB-E13-PCA-KMEANS-S31415,,P3C-MB_E13-PCA,P3C_INFRASTRUCTURE_VALIDATION,SUCCEEDED,Mouse_Brain_E13_S1,PHASE1D_SHA256_MANIFEST,PHASE_3C_CONFIG_FREEZE_2026-09-12,NOT_APPLICABLE_UNSUPERVISED_FULL_DATA,"{""clustering"": 31415, ""metric_subsample"": 0, ""numpy"": 31415, ""python"": 31415, ""representation"": 0}",PCA_CLASSICAL,PCA_CLASSICAL,transparent_baseline,8b5e9d239e910ca0a1efa496442b6d898fc0f6b2,08_experiments/EXP-MB-E13-PCA-KMEANS-S31415/config.yaml,08_experiments/EXP-MB-E13-PCA-KMEANS-S31415/embedding.npz,common_KMeans_clustering,08_experiments/EXP-MB-E13-PCA-KMEANS-S31415/metrics.json,0.08584258299379144,08_experiments/EXP-MB-E13-PCA-KMEANS-S31415/environment.json,08_experiments/EXP-MB-E13-PCA-KMEANS-S31415/saved_artifacts_manifest.json,08_experiments/EXP-MB-E13-PCA-KMEANS-S31415/metrics.json,R3_PROJECT_DATA_BASELINE,08_experiments/EXP-MB-E13-PCA-KMEANS-S31415/provenance.json,2026-09-11T19:25:54.338508+00:00,2026-09-11T19:25:54.424554+00:00,SCIENTIFIC_BASELINE_RUN; K from reference annotation count is privileged; source X semantics and coordinate units remain UNKNOWN; runtime excludes shared representation build
EXP-MB-E13-SPACE-KMEANS-S1729,,P3C-MB_E13-SPACE,P3C_INFRASTRUCTURE_VALIDATION,SUCCEEDED,Mouse_Brain_E13_S1,PHASE1D_SHA256_MANIFEST,PHASE_3C_CONFIG_FREEZE_2026-09-12,NOT_APPLICABLE_UNSUPERVISED_FULL_DATA,"{""clustering"": 1729, ""metric_subsample"": 0, ""numpy"": 1729, ""python"": 1729, ""representation"": 0}",BASE_SPACE,BASE_SPACE,transparent_baseline,8b5e9d239e910ca0a1efa496442b6d898fc0f6b2,08_experiments/EXP-MB-E13-SPACE-KMEANS-S1729/config.yaml,08_experiments/EXP-MB-E13-SPACE-KMEANS-S1729/embedding.npz,common_KMeans_clustering,08_experiments/EXP-MB-E13-SPACE-KMEANS-S1729/metrics.json,0.055008041992550716,08_experiments/EXP-MB-E13-SPACE-KMEANS-S1729/environment.json,08_experiments/EXP-MB-E13-SPACE-KMEANS-S1729/saved_artifacts_manifest.json,08_experiments/EXP-MB-E13-SPACE-KMEANS-S1729/metrics.json,R3_PROJECT_DATA_BASELINE,08_experiments/EXP-MB-E13-SPACE-KMEANS-S1729/provenance.json,2026-09-11T19:25:54.487946+00:00,2026-09-11T19:25:54.543155+00:00,SCIENTIFIC_BASELINE_RUN; K from reference annotation count is privileged; source X semantics and coordinate units remain UNKNOWN; runtime excludes shared representation build
EXP-MB-E13-SPACE-KMEANS-S2718,,P3C-MB_E13-SPACE,P3C_INFRASTRUCTURE_VALIDATION,SUCCEEDED,Mouse_Brain_E13_S1,PHASE1D_SHA256_MANIFEST,PHASE_3C_CONFIG_FREEZE_2026-09-12,NOT_APPLICABLE_UNSUPERVISED_FULL_DATA,"{""clustering"": 2718, ""metric_subsample"": 0, ""numpy"": 2718, ""python"": 2718, ""representation"": 0}",BASE_SPACE,BASE_SPACE,transparent_baseline,8b5e9d239e910ca0a1efa496442b6d898fc0f6b2,08_experiments/EXP-MB-E13-SPACE-KMEANS-S2718/config.yaml,08_experiments/EXP-MB-E13-SPACE-KMEANS-S2718/embedding.npz,common_KMeans_clustering,08_experiments/EXP-MB-E13-SPACE-KMEANS-S2718/metrics.json,0.057013291007024236,08_experiments/EXP-MB-E13-SPACE-KMEANS-S2718/environment.json,08_experiments/EXP-MB-E13-SPACE-KMEANS-S2718/saved_artifacts_manifest.json,08_experiments/EXP-MB-E13-SPACE-KMEANS-S2718/metrics.json,R3_PROJECT_DATA_BASELINE,08_experiments/EXP-MB-E13-SPACE-KMEANS-S2718/provenance.json,2026-09-11T19:25:54.602817+00:00,2026-09-11T19:25:54.660014+00:00,SCIENTIFIC_BASELINE_RUN; K from reference annotation count is privileged; source X semantics and coordinate units remain UNKNOWN; runtime excludes shared representation build
EXP-MB-E13-SPACE-KMEANS-S31415,,P3C-MB_E13-SPACE,P3C_INFRASTRUCTURE_VALIDATION,SUCCEEDED,Mouse_Brain_E13_S1,PHASE1D_SHA256_MANIFEST,PHASE_3C_CONFIG_FREEZE_2026-09-12,NOT_APPLICABLE_UNSUPERVISED_FULL_DATA,"{""clustering"": 31415, ""metric_subsample"": 0, ""numpy"": 31415, ""python"": 31415, ""representation"": 0}",BASE_SPACE,BASE_SPACE,transparent_baseline,8b5e9d239e910ca0a1efa496442b6d898fc0f6b2,08_experiments/EXP-MB-E13-SPACE-KMEANS-S31415/config.yaml,08_experiments/EXP-MB-E13-SPACE-KMEANS-S31415/embedding.npz,common_KMeans_clustering,08_experiments/EXP-MB-E13-SPACE-KMEANS-S31415/metrics.json,0.0573262079997221,08_experiments/EXP-MB-E13-SPACE-KMEANS-S31415/environment.json,08_experiments/EXP-MB-E13-SPACE-KMEANS-S31415/saved_artifacts_manifest.json,08_experiments/EXP-MB-E13-SPACE-KMEANS-S31415/metrics.json,R3_PROJECT_DATA_BASELINE,08_experiments/EXP-MB-E13-SPACE-KMEANS-S31415/provenance.json,2026-09-11T19:25:54.722062+00:00,2026-09-11T19:25:54.779609+00:00,SCIENTIFIC_BASELINE_RUN; K from reference annotation count is privileged; source X semantics and coordinate units remain UNKNOWN; runtime excludes shared representation build
EXP-MB-E13-ATAC-KMEANS-S1729,,P3C-MB_E13-ATAC,P3C_INFRASTRUCTURE_VALIDATION,SUCCEEDED,Mouse_Brain_E13_S1,PHASE1D_SHA256_MANIFEST,PHASE_3C_CONFIG_FREEZE_2026-09-12,NOT_APPLICABLE_UNSUPERVISED_FULL_DATA,"{""clustering"": 1729, ""metric_subsample"": 0, ""numpy"": 1729, ""python"": 1729, ""representation"": 0}",BASE_SECOND,BASE_SECOND,transparent_baseline,8b5e9d239e910ca0a1efa496442b6d898fc0f6b2,08_experiments/EXP-MB-E13-ATAC-KMEANS-S1729/config.yaml,08_experiments/EXP-MB-E13-ATAC-KMEANS-S1729/embedding.npz,common_KMeans_clustering,08_experiments/EXP-MB-E13-ATAC-KMEANS-S1729/metrics.json,0.05037304200232029,08_experiments/EXP-MB-E13-ATAC-KMEANS-S1729/environment.json,08_experiments/EXP-MB-E13-ATAC-KMEANS-S1729/saved_artifacts_manifest.json,08_experiments/EXP-MB-E13-ATAC-KMEANS-S1729/metrics.json,R3_PROJECT_DATA_BASELINE,08_experiments/EXP-MB-E13-ATAC-KMEANS-S1729/provenance.json,2026-09-11T19:25:54.843234+00:00,2026-09-11T19:25:54.893792+00:00,SCIENTIFIC_BASELINE_RUN; K from reference annotation count is privileged; source X semantics and coordinate units remain UNKNOWN; runtime excludes shared representation build
EXP-MB-E13-ATAC-KMEANS-S2718,,P3C-MB_E13-ATAC,P3C_INFRASTRUCTURE_VALIDATION,SUCCEEDED,Mouse_Brain_E13_S1,PHASE1D_SHA256_MANIFEST,PHASE_3C_CONFIG_FREEZE_2026-09-12,NOT_APPLICABLE_UNSUPERVISED_FULL_DATA,"{""clustering"": 2718, ""metric_subsample"": 0, ""numpy"": 2718, ""python"": 2718, ""representation"": 0}",BASE_SECOND,BASE_SECOND,transparent_baseline,8b5e9d239e910ca0a1efa496442b6d898fc0f6b2,08_experiments/EXP-MB-E13-ATAC-KMEANS-S2718/config.yaml,08_experiments/EXP-MB-E13-ATAC-KMEANS-S2718/embedding.npz,common_KMeans_clustering,08_experiments/EXP-MB-E13-ATAC-KMEANS-S2718/metrics.json,0.048348415992222726,08_experiments/EXP-MB-E13-ATAC-KMEANS-S2718/environment.json,08_experiments/EXP-MB-E13-ATAC-KMEANS-S2718/saved_artifacts_manifest.json,08_experiments/EXP-MB-E13-ATAC-KMEANS-S2718/metrics.json,R3_PROJECT_DATA_BASELINE,08_experiments/EXP-MB-E13-ATAC-KMEANS-S2718/provenance.json,2026-09-11T19:25:54.954799+00:00,2026-09-11T19:25:55.003341+00:00,SCIENTIFIC_BASELINE_RUN; K from reference annotation count is privileged; source X semantics and coordinate units remain UNKNOWN; runtime excludes shared representation build
EXP-MB-E13-ATAC-KMEANS-S31415,,P3C-MB_E13-ATAC,P3C_INFRASTRUCTURE_VALIDATION,SUCCEEDED,Mouse_Brain_E13_S1,PHASE1D_SHA256_MANIFEST,PHASE_3C_CONFIG_FREEZE_2026-09-12,NOT_APPLICABLE_UNSUPERVISED_FULL_DATA,"{""clustering"": 31415, ""metric_subsample"": 0, ""numpy"": 31415, ""python"": 31415, ""representation"": 0}",BASE_SECOND,BASE_SECOND,transparent_baseline,8b5e9d239e910ca0a1efa496442b6d898fc0f6b2,08_experiments/EXP-MB-E13-ATAC-KMEANS-S31415/config.yaml,08_experiments/EXP-MB-E13-ATAC-KMEANS-S31415/embedding.npz,common_KMeans_clustering,08_experiments/EXP-MB-E13-ATAC-KMEANS-S31415/metrics.json,0.05003633300657384,08_experiments/EXP-MB-E13-ATAC-KMEANS-S31415/environment.json,08_experiments/EXP-MB-E13-ATAC-KMEANS-S31415/saved_artifacts_manifest.json,08_experiments/EXP-MB-E13-ATAC-KMEANS-S31415/metrics.json,R3_PROJECT_DATA_BASELINE,08_experiments/EXP-MB-E13-ATAC-KMEANS-S31415/provenance.json,2026-09-11T19:25:55.065422+00:00,2026-09-11T19:25:55.115662+00:00,SCIENTIFIC_BASELINE_RUN; K from reference annotation count is privileged; source X semantics and coordinate units remain UNKNOWN; runtime excludes shared representation build
EXP-MB-E13-CONCAT-KMEANS-S1729,,P3C-MB_E13-CONCAT,P3C_INFRASTRUCTURE_VALIDATION,SUCCEEDED,Mouse_Brain_E13_S1,PHASE1D_SHA256_MANIFEST,PHASE_3C_CONFIG_FREEZE_2026-09-12,NOT_APPLICABLE_UNSUPERVISED_FULL_DATA,"{""clustering"": 1729, ""metric_subsample"": 0, ""numpy"": 1729, ""python"": 1729, ""representation"": 0}",BASE_CONCAT,BASE_CONCAT,transparent_baseline,8b5e9d239e910ca0a1efa496442b6d898fc0f6b2,08_experiments/EXP-MB-E13-CONCAT-KMEANS-S1729/config.yaml,08_experiments/EXP-MB-E13-CONCAT-KMEANS-S1729/embedding.npz,common_KMeans_clustering,08_experiments/EXP-MB-E13-CONCAT-KMEANS-S1729/metrics.json,2.6415602909983136,08_experiments/EXP-MB-E13-CONCAT-KMEANS-S1729/environment.json,08_experiments/EXP-MB-E13-CONCAT-KMEANS-S1729/saved_artifacts_manifest.json,08_experiments/EXP-MB-E13-CONCAT-KMEANS-S1729/metrics.json,R3_PROJECT_DATA_BASELINE,08_experiments/EXP-MB-E13-CONCAT-KMEANS-S1729/provenance.json,2026-09-11T19:25:55.175104+00:00,2026-09-11T19:25:57.816389+00:00,SCIENTIFIC_BASELINE_RUN; K from reference annotation count is privileged; source X semantics and coordinate units remain UNKNOWN; runtime excludes shared representation build
EXP-MB-E13-CONCAT-KMEANS-S2718,,P3C-MB_E13-CONCAT,P3C_INFRASTRUCTURE_VALIDATION,SUCCEEDED,Mouse_Brain_E13_S1,PHASE1D_SHA256_MANIFEST,PHASE_3C_CONFIG_FREEZE_2026-09-12,NOT_APPLICABLE_UNSUPERVISED_FULL_DATA,"{""clustering"": 2718, ""metric_subsample"": 0, ""numpy"": 2718, ""python"": 2718, ""representation"": 0}",BASE_CONCAT,BASE_CONCAT,transparent_baseline,8b5e9d239e910ca0a1efa496442b6d898fc0f6b2,08_experiments/EXP-MB-E13-CONCAT-KMEANS-S2718/config.yaml,08_experiments/EXP-MB-E13-CONCAT-KMEANS-S2718/embedding.npz,common_KMeans_clustering,08_experiments/EXP-MB-E13-CONCAT-KMEANS-S2718/metrics.json,2.804918916997849,08_experiments/EXP-MB-E13-CONCAT-KMEANS-S2718/environment.json,08_experiments/EXP-MB-E13-CONCAT-KMEANS-S2718/saved_artifacts_manifest.json,08_experiments/EXP-MB-E13-CONCAT-KMEANS-S2718/metrics.json,R3_PROJECT_DATA_BASELINE,08_experiments/EXP-MB-E13-CONCAT-KMEANS-S2718/provenance.json,2026-09-11T19:25:57.888493+00:00,2026-09-11T19:26:00.693202+00:00,SCIENTIFIC_BASELINE_RUN; K from reference annotation count is privileged; source X semantics and coordinate units remain UNKNOWN; runtime excludes shared representation build
EXP-MB-E13-CONCAT-KMEANS-S31415,,P3C-MB_E13-CONCAT,P3C_INFRASTRUCTURE_VALIDATION,SUCCEEDED,Mouse_Brain_E13_S1,PHASE1D_SHA256_MANIFEST,PHASE_3C_CONFIG_FREEZE_2026-09-12,NOT_APPLICABLE_UNSUPERVISED_FULL_DATA,"{""clustering"": 31415, ""metric_subsample"": 0, ""numpy"": 31415, ""python"": 31415, ""representation"": 0}",BASE_CONCAT,BASE_CONCAT,transparent_baseline,8b5e9d239e910ca0a1efa496442b6d898fc0f6b2,08_experiments/EXP-MB-E13-CONCAT-KMEANS-S31415/config.yaml,08_experiments/EXP-MB-E13-CONCAT-KMEANS-S31415/embedding.npz,common_KMeans_clustering,08_experiments/EXP-MB-E13-CONCAT-KMEANS-S31415/metrics.json,2.827014833004796,08_experiments/EXP-MB-E13-CONCAT-KMEANS-S31415/environment.json,08_experiments/EXP-MB-E13-CONCAT-KMEANS-S31415/saved_artifacts_manifest.json,08_experiments/EXP-MB-E13-CONCAT-KMEANS-S31415/metrics.json,R3_PROJECT_DATA_BASELINE,08_experiments/EXP-MB-E13-CONCAT-KMEANS-S31415/provenance.json,2026-09-11T19:26:00.771130+00:00,2026-09-11T19:26:03.598001+00:00,SCIENTIFIC_BASELINE_RUN; K from reference annotation count is privileged; source X semantics and coordinate units remain UNKNOWN; runtime excludes shared representation build
EXP-MB-E15-RNA-KMEANS-S1729,,P3C-MB_E15-RNA,P3C_INFRASTRUCTURE_VALIDATION,SUCCEEDED,Mouse_Brain_E15_S1,PHASE1D_SHA256_MANIFEST,PHASE_3C_CONFIG_FREEZE_2026-09-12,NOT_APPLICABLE_UNSUPERVISED_FULL_DATA,"{""clustering"": 1729, ""metric_subsample"": 0, ""numpy"": 1729, ""python"": 1729, ""representation"": 0}",BASE_RNA,BASE_RNA,transparent_baseline,8b5e9d239e910ca0a1efa496442b6d898fc0f6b2,08_experiments/EXP-MB-E15-RNA-KMEANS-S1729/config.yaml,08_experiments/EXP-MB-E15-RNA-KMEANS-S1729/embedding.npz,common_KMeans_clustering,08_experiments/EXP-MB-E15-RNA-KMEANS-S1729/metrics.json,3.071869292005431,08_experiments/EXP-MB-E15-RNA-KMEANS-S1729/environment.json,08_experiments/EXP-MB-E15-RNA-KMEANS-S1729/saved_artifacts_manifest.json,08_experiments/EXP-MB-E15-RNA-KMEANS-S1729/metrics.json,R3_PROJECT_DATA_BASELINE,08_experiments/EXP-MB-E15-RNA-KMEANS-S1729/provenance.json,2026-09-11T19:26:20.950539+00:00,2026-09-11T19:26:24.022519+00:00,SCIENTIFIC_BASELINE_RUN; K from reference annotation count is privileged; source X semantics and coordinate units remain UNKNOWN; runtime excludes shared representation build
EXP-MB-E15-RNA-KMEANS-S2718,,P3C-MB_E15-RNA,P3C_INFRASTRUCTURE_VALIDATION,SUCCEEDED,Mouse_Brain_E15_S1,PHASE1D_SHA256_MANIFEST,PHASE_3C_CONFIG_FREEZE_2026-09-12,NOT_APPLICABLE_UNSUPERVISED_FULL_DATA,"{""clustering"": 2718, ""metric_subsample"": 0, ""numpy"": 2718, ""python"": 2718, ""representation"": 0}",BASE_RNA,BASE_RNA,transparent_baseline,8b5e9d239e910ca0a1efa496442b6d898fc0f6b2,08_experiments/EXP-MB-E15-RNA-KMEANS-S2718/config.yaml,08_experiments/EXP-MB-E15-RNA-KMEANS-S2718/embedding.npz,common_KMeans_clustering,08_experiments/EXP-MB-E15-RNA-KMEANS-S2718/metrics.json,2.8960977910028305,08_experiments/EXP-MB-E15-RNA-KMEANS-S2718/environment.json,08_experiments/EXP-MB-E15-RNA-KMEANS-S2718/saved_artifacts_manifest.json,08_experiments/EXP-MB-E15-RNA-KMEANS-S2718/metrics.json,R3_PROJECT_DATA_BASELINE,08_experiments/EXP-MB-E15-RNA-KMEANS-S2718/provenance.json,2026-09-11T19:26:24.101176+00:00,2026-09-11T19:26:26.997428+00:00,SCIENTIFIC_BASELINE_RUN; K from reference annotation count is privileged; source X semantics and coordinate units remain UNKNOWN; runtime excludes shared representation build
EXP-MB-E15-RNA-KMEANS-S31415,,P3C-MB_E15-RNA,P3C_INFRASTRUCTURE_VALIDATION,SUCCEEDED,Mouse_Brain_E15_S1,PHASE1D_SHA256_MANIFEST,PHASE_3C_CONFIG_FREEZE_2026-09-12,NOT_APPLICABLE_UNSUPERVISED_FULL_DATA,"{""clustering"": 31415, ""metric_subsample"": 0, ""numpy"": 31415, ""python"": 31415, ""representation"": 0}",BASE_RNA,BASE_RNA,transparent_baseline,8b5e9d239e910ca0a1efa496442b6d898fc0f6b2,08_experiments/EXP-MB-E15-RNA-KMEANS-S31415/config.yaml,08_experiments/EXP-MB-E15-RNA-KMEANS-S31415/embedding.npz,common_KMeans_clustering,08_experiments/EXP-MB-E15-RNA-KMEANS-S31415/metrics.json,2.897366625009454,08_experiments/EXP-MB-E15-RNA-KMEANS-S31415/environment.json,08_experiments/EXP-MB-E15-RNA-KMEANS-S31415/saved_artifacts_manifest.json,08_experiments/EXP-MB-E15-RNA-KMEANS-S31415/metrics.json,R3_PROJECT_DATA_BASELINE,08_experiments/EXP-MB-E15-RNA-KMEANS-S31415/provenance.json,2026-09-11T19:26:27.073004+00:00,2026-09-11T19:26:29.970525+00:00,SCIENTIFIC_BASELINE_RUN; K from reference annotation count is privileged; source X semantics and coordinate units remain UNKNOWN; runtime excludes shared representation build
EXP-MB-E15-PCA-KMEANS-S1729,,P3C-MB_E15-PCA,P3C_INFRASTRUCTURE_VALIDATION,SUCCEEDED,Mouse_Brain_E15_S1,PHASE1D_SHA256_MANIFEST,PHASE_3C_CONFIG_FREEZE_2026-09-12,NOT_APPLICABLE_UNSUPERVISED_FULL_DATA,"{""clustering"": 1729, ""metric_subsample"": 0, ""numpy"": 1729, ""python"": 1729, ""representation"": 0}",PCA_CLASSICAL,PCA_CLASSICAL,transparent_baseline,8b5e9d239e910ca0a1efa496442b6d898fc0f6b2,08_experiments/EXP-MB-E15-PCA-KMEANS-S1729/config.yaml,08_experiments/EXP-MB-E15-PCA-KMEANS-S1729/embedding.npz,common_KMeans_clustering,08_experiments/EXP-MB-E15-PCA-KMEANS-S1729/metrics.json,0.10392337499069981,08_experiments/EXP-MB-E15-PCA-KMEANS-S1729/environment.json,08_experiments/EXP-MB-E15-PCA-KMEANS-S1729/saved_artifacts_manifest.json,08_experiments/EXP-MB-E15-PCA-KMEANS-S1729/metrics.json,R3_PROJECT_DATA_BASELINE,08_experiments/EXP-MB-E15-PCA-KMEANS-S1729/provenance.json,2026-09-11T19:26:30.040703+00:00,2026-09-11T19:26:30.144812+00:00,SCIENTIFIC_BASELINE_RUN; K from reference annotation count is privileged; source X semantics and coordinate units remain UNKNOWN; runtime excludes shared representation build
EXP-MB-E15-PCA-KMEANS-S2718,,P3C-MB_E15-PCA,P3C_INFRASTRUCTURE_VALIDATION,SUCCEEDED,Mouse_Brain_E15_S1,PHASE1D_SHA256_MANIFEST,PHASE_3C_CONFIG_FREEZE_2026-09-12,NOT_APPLICABLE_UNSUPERVISED_FULL_DATA,"{""clustering"": 2718, ""metric_subsample"": 0, ""numpy"": 2718, ""python"": 2718, ""representation"": 0}",PCA_CLASSICAL,PCA_CLASSICAL,transparent_baseline,8b5e9d239e910ca0a1efa496442b6d898fc0f6b2,08_experiments/EXP-MB-E15-PCA-KMEANS-S2718/config.yaml,08_experiments/EXP-MB-E15-PCA-KMEANS-S2718/embedding.npz,common_KMeans_clustering,08_experiments/EXP-MB-E15-PCA-KMEANS-S2718/metrics.json,0.10587062500417233,08_experiments/EXP-MB-E15-PCA-KMEANS-S2718/environment.json,08_experiments/EXP-MB-E15-PCA-KMEANS-S2718/saved_artifacts_manifest.json,08_experiments/EXP-MB-E15-PCA-KMEANS-S2718/metrics.json,R3_PROJECT_DATA_BASELINE,08_experiments/EXP-MB-E15-PCA-KMEANS-S2718/provenance.json,2026-09-11T19:26:30.202766+00:00,2026-09-11T19:26:30.308830+00:00,SCIENTIFIC_BASELINE_RUN; K from reference annotation count is privileged; source X semantics and coordinate units remain UNKNOWN; runtime excludes shared representation build
EXP-MB-E15-PCA-KMEANS-S31415,,P3C-MB_E15-PCA,P3C_INFRASTRUCTURE_VALIDATION,SUCCEEDED,Mouse_Brain_E15_S1,PHASE1D_SHA256_MANIFEST,PHASE_3C_CONFIG_FREEZE_2026-09-12,NOT_APPLICABLE_UNSUPERVISED_FULL_DATA,"{""clustering"": 31415, ""metric_subsample"": 0, ""numpy"": 31415, ""python"": 31415, ""representation"": 0}",PCA_CLASSICAL,PCA_CLASSICAL,transparent_baseline,8b5e9d239e910ca0a1efa496442b6d898fc0f6b2,08_experiments/EXP-MB-E15-PCA-KMEANS-S31415/config.yaml,08_experiments/EXP-MB-E15-PCA-KMEANS-S31415/embedding.npz,common_KMeans_clustering,08_experiments/EXP-MB-E15-PCA-KMEANS-S31415/metrics.json,0.09752241699607112,08_experiments/EXP-MB-E15-PCA-KMEANS-S31415/environment.json,08_experiments/EXP-MB-E15-PCA-KMEANS-S31415/saved_artifacts_manifest.json,08_experiments/EXP-MB-E15-PCA-KMEANS-S31415/metrics.json,R3_PROJECT_DATA_BASELINE,08_experiments/EXP-MB-E15-PCA-KMEANS-S31415/provenance.json,2026-09-11T19:26:30.365928+00:00,2026-09-11T19:26:30.463636+00:00,SCIENTIFIC_BASELINE_RUN; K from reference annotation count is privileged; source X semantics and coordinate units remain UNKNOWN; runtime excludes shared representation build
EXP-MB-E15-SPACE-KMEANS-S1729,,P3C-MB_E15-SPACE,P3C_INFRASTRUCTURE_VALIDATION,SUCCEEDED,Mouse_Brain_E15_S1,PHASE1D_SHA256_MANIFEST,PHASE_3C_CONFIG_FREEZE_2026-09-12,NOT_APPLICABLE_UNSUPERVISED_FULL_DATA,"{""clustering"": 1729, ""metric_subsample"": 0, ""numpy"": 1729, ""python"": 1729, ""representation"": 0}",BASE_SPACE,BASE_SPACE,transparent_baseline,8b5e9d239e910ca0a1efa496442b6d898fc0f6b2,08_experiments/EXP-MB-E15-SPACE-KMEANS-S1729/config.yaml,08_experiments/EXP-MB-E15-SPACE-KMEANS-S1729/embedding.npz,common_KMeans_clustering,08_experiments/EXP-MB-E15-SPACE-KMEANS-S1729/metrics.json,0.09955654200166464,08_experiments/EXP-MB-E15-SPACE-KMEANS-S1729/environment.json,08_experiments/EXP-MB-E15-SPACE-KMEANS-S1729/saved_artifacts_manifest.json,08_experiments/EXP-MB-E15-SPACE-KMEANS-S1729/metrics.json,R3_PROJECT_DATA_BASELINE,08_experiments/EXP-MB-E15-SPACE-KMEANS-S1729/provenance.json,2026-09-11T19:26:30.523383+00:00,2026-09-11T19:26:30.623186+00:00,SCIENTIFIC_BASELINE_RUN; K from reference annotation count is privileged; source X semantics and coordinate units remain UNKNOWN; runtime excludes shared representation build
EXP-MB-E15-SPACE-KMEANS-S2718,,P3C-MB_E15-SPACE,P3C_INFRASTRUCTURE_VALIDATION,SUCCEEDED,Mouse_Brain_E15_S1,PHASE1D_SHA256_MANIFEST,PHASE_3C_CONFIG_FREEZE_2026-09-12,NOT_APPLICABLE_UNSUPERVISED_FULL_DATA,"{""clustering"": 2718, ""metric_subsample"": 0, ""numpy"": 2718, ""python"": 2718, ""representation"": 0}",BASE_SPACE,BASE_SPACE,transparent_baseline,8b5e9d239e910ca0a1efa496442b6d898fc0f6b2,08_experiments/EXP-MB-E15-SPACE-KMEANS-S2718/config.yaml,08_experiments/EXP-MB-E15-SPACE-KMEANS-S2718/embedding.npz,common_KMeans_clustering,08_experiments/EXP-MB-E15-SPACE-KMEANS-S2718/metrics.json,0.06338887500169221,08_experiments/EXP-MB-E15-SPACE-KMEANS-S2718/environment.json,08_experiments/EXP-MB-E15-SPACE-KMEANS-S2718/saved_artifacts_manifest.json,08_experiments/EXP-MB-E15-SPACE-KMEANS-S2718/metrics.json,R3_PROJECT_DATA_BASELINE,08_experiments/EXP-MB-E15-SPACE-KMEANS-S2718/provenance.json,2026-09-11T19:26:30.680118+00:00,2026-09-11T19:26:30.743700+00:00,SCIENTIFIC_BASELINE_RUN; K from reference annotation count is privileged; source X semantics and coordinate units remain UNKNOWN; runtime excludes shared representation build
EXP-MB-E15-SPACE-KMEANS-S31415,,P3C-MB_E15-SPACE,P3C_INFRASTRUCTURE_VALIDATION,SUCCEEDED,Mouse_Brain_E15_S1,PHASE1D_SHA256_MANIFEST,PHASE_3C_CONFIG_FREEZE_2026-09-12,NOT_APPLICABLE_UNSUPERVISED_FULL_DATA,"{""clustering"": 31415, ""metric_subsample"": 0, ""numpy"": 31415, ""python"": 31415, ""representation"": 0}",BASE_SPACE,BASE_SPACE,transparent_baseline,8b5e9d239e910ca0a1efa496442b6d898fc0f6b2,08_experiments/EXP-MB-E15-SPACE-KMEANS-S31415/config.yaml,08_experiments/EXP-MB-E15-SPACE-KMEANS-S31415/embedding.npz,common_KMeans_clustering,08_experiments/EXP-MB-E15-SPACE-KMEANS-S31415/metrics.json,0.07134029100416228,08_experiments/EXP-MB-E15-SPACE-KMEANS-S31415/environment.json,08_experiments/EXP-MB-E15-SPACE-KMEANS-S31415/saved_artifacts_manifest.json,08_experiments/EXP-MB-E15-SPACE-KMEANS-S31415/metrics.json,R3_PROJECT_DATA_BASELINE,08_experiments/EXP-MB-E15-SPACE-KMEANS-S31415/provenance.json,2026-09-11T19:26:30.799002+00:00,2026-09-11T19:26:30.870544+00:00,SCIENTIFIC_BASELINE_RUN; K from reference annotation count is privileged; source X semantics and coordinate units remain UNKNOWN; runtime excludes shared representation build
EXP-MB-E15-ATAC-KMEANS-S1729,,P3C-MB_E15-ATAC,P3C_INFRASTRUCTURE_VALIDATION,SUCCEEDED,Mouse_Brain_E15_S1,PHASE1D_SHA256_MANIFEST,PHASE_3C_CONFIG_FREEZE_2026-09-12,NOT_APPLICABLE_UNSUPERVISED_FULL_DATA,"{""clustering"": 1729, ""metric_subsample"": 0, ""numpy"": 1729, ""python"": 1729, ""representation"": 0}",BASE_SECOND,BASE_SECOND,transparent_baseline,8b5e9d239e910ca0a1efa496442b6d898fc0f6b2,08_experiments/EXP-MB-E15-ATAC-KMEANS-S1729/config.yaml,08_experiments/EXP-MB-E15-ATAC-KMEANS-S1729/embedding.npz,common_KMeans_clustering,08_experiments/EXP-MB-E15-ATAC-KMEANS-S1729/metrics.json,0.06416862498736009,08_experiments/EXP-MB-E15-ATAC-KMEANS-S1729/environment.json,08_experiments/EXP-MB-E15-ATAC-KMEANS-S1729/saved_artifacts_manifest.json,08_experiments/EXP-MB-E15-ATAC-KMEANS-S1729/metrics.json,R3_PROJECT_DATA_BASELINE,08_experiments/EXP-MB-E15-ATAC-KMEANS-S1729/provenance.json,2026-09-11T19:26:30.924176+00:00,2026-09-11T19:26:30.988543+00:00,SCIENTIFIC_BASELINE_RUN; K from reference annotation count is privileged; source X semantics and coordinate units remain UNKNOWN; runtime excludes shared representation build
EXP-MB-E15-ATAC-KMEANS-S2718,,P3C-MB_E15-ATAC,P3C_INFRASTRUCTURE_VALIDATION,SUCCEEDED,Mouse_Brain_E15_S1,PHASE1D_SHA256_MANIFEST,PHASE_3C_CONFIG_FREEZE_2026-09-12,NOT_APPLICABLE_UNSUPERVISED_FULL_DATA,"{""clustering"": 2718, ""metric_subsample"": 0, ""numpy"": 2718, ""python"": 2718, ""representation"": 0}",BASE_SECOND,BASE_SECOND,transparent_baseline,8b5e9d239e910ca0a1efa496442b6d898fc0f6b2,08_experiments/EXP-MB-E15-ATAC-KMEANS-S2718/config.yaml,08_experiments/EXP-MB-E15-ATAC-KMEANS-S2718/embedding.npz,common_KMeans_clustering,08_experiments/EXP-MB-E15-ATAC-KMEANS-S2718/metrics.json,0.06846737500745803,08_experiments/EXP-MB-E15-ATAC-KMEANS-S2718/environment.json,08_experiments/EXP-MB-E15-ATAC-KMEANS-S2718/saved_artifacts_manifest.json,08_experiments/EXP-MB-E15-ATAC-KMEANS-S2718/metrics.json,R3_PROJECT_DATA_BASELINE,08_experiments/EXP-MB-E15-ATAC-KMEANS-S2718/provenance.json,2026-09-11T19:26:31.043438+00:00,2026-09-11T19:26:31.112113+00:00,SCIENTIFIC_BASELINE_RUN; K from reference annotation count is privileged; source X semantics and coordinate units remain UNKNOWN; runtime excludes shared representation build
EXP-MB-E15-ATAC-KMEANS-S31415,,P3C-MB_E15-ATAC,P3C_INFRASTRUCTURE_VALIDATION,SUCCEEDED,Mouse_Brain_E15_S1,PHASE1D_SHA256_MANIFEST,PHASE_3C_CONFIG_FREEZE_2026-09-12,NOT_APPLICABLE_UNSUPERVISED_FULL_DATA,"{""clustering"": 31415, ""metric_subsample"": 0, ""numpy"": 31415, ""python"": 31415, ""representation"": 0}",BASE_SECOND,BASE_SECOND,transparent_baseline,8b5e9d239e910ca0a1efa496442b6d898fc0f6b2,08_experiments/EXP-MB-E15-ATAC-KMEANS-S31415/config.yaml,08_experiments/EXP-MB-E15-ATAC-KMEANS-S31415/embedding.npz,common_KMeans_clustering,08_experiments/EXP-MB-E15-ATAC-KMEANS-S31415/metrics.json,0.06795616699673701,08_experiments/EXP-MB-E15-ATAC-KMEANS-S31415/environment.json,08_experiments/EXP-MB-E15-ATAC-KMEANS-S31415/saved_artifacts_manifest.json,08_experiments/EXP-MB-E15-ATAC-KMEANS-S31415/metrics.json,R3_PROJECT_DATA_BASELINE,08_experiments/EXP-MB-E15-ATAC-KMEANS-S31415/provenance.json,2026-09-11T19:26:31.165580+00:00,2026-09-11T19:26:31.233760+00:00,SCIENTIFIC_BASELINE_RUN; K from reference annotation count is privileged; source X semantics and coordinate units remain UNKNOWN; runtime excludes shared representation build
EXP-MB-E15-CONCAT-KMEANS-S1729,,P3C-MB_E15-CONCAT,P3C_INFRASTRUCTURE_VALIDATION,SUCCEEDED,Mouse_Brain_E15_S1,PHASE1D_SHA256_MANIFEST,PHASE_3C_CONFIG_FREEZE_2026-09-12,NOT_APPLICABLE_UNSUPERVISED_FULL_DATA,"{""clustering"": 1729, ""metric_subsample"": 0, ""numpy"": 1729, ""python"": 1729, ""representation"": 0}",BASE_CONCAT,BASE_CONCAT,transparent_baseline,8b5e9d239e910ca0a1efa496442b6d898fc0f6b2,08_experiments/EXP-MB-E15-CONCAT-KMEANS-S1729/config.yaml,08_experiments/EXP-MB-E15-CONCAT-KMEANS-S1729/embedding.npz,common_KMeans_clustering,08_experiments/EXP-MB-E15-CONCAT-KMEANS-S1729/metrics.json,3.437761833993136,08_experiments/EXP-MB-E15-CONCAT-KMEANS-S1729/environment.json,08_experiments/EXP-MB-E15-CONCAT-KMEANS-S1729/saved_artifacts_manifest.json,08_experiments/EXP-MB-E15-CONCAT-KMEANS-S1729/metrics.json,R3_PROJECT_DATA_BASELINE,08_experiments/EXP-MB-E15-CONCAT-KMEANS-S1729/provenance.json,2026-09-11T19:26:31.300058+00:00,2026-09-11T19:26:34.737986+00:00,SCIENTIFIC_BASELINE_RUN; K from reference annotation count is privileged; source X semantics and coordinate units remain UNKNOWN; runtime excludes shared representation build
EXP-MB-E15-CONCAT-KMEANS-S2718,,P3C-MB_E15-CONCAT,P3C_INFRASTRUCTURE_VALIDATION,SUCCEEDED,Mouse_Brain_E15_S1,PHASE1D_SHA256_MANIFEST,PHASE_3C_CONFIG_FREEZE_2026-09-12,NOT_APPLICABLE_UNSUPERVISED_FULL_DATA,"{""clustering"": 2718, ""metric_subsample"": 0, ""numpy"": 2718, ""python"": 2718, ""representation"": 0}",BASE_CONCAT,BASE_CONCAT,transparent_baseline,8b5e9d239e910ca0a1efa496442b6d898fc0f6b2,08_experiments/EXP-MB-E15-CONCAT-KMEANS-S2718/config.yaml,08_experiments/EXP-MB-E15-CONCAT-KMEANS-S2718/embedding.npz,common_KMeans_clustering,08_experiments/EXP-MB-E15-CONCAT-KMEANS-S2718/metrics.json,3.067997040998307,08_experiments/EXP-MB-E15-CONCAT-KMEANS-S2718/environment.json,08_experiments/EXP-MB-E15-CONCAT-KMEANS-S2718/saved_artifacts_manifest.json,08_experiments/EXP-MB-E15-CONCAT-KMEANS-S2718/metrics.json,R3_PROJECT_DATA_BASELINE,08_experiments/EXP-MB-E15-CONCAT-KMEANS-S2718/provenance.json,2026-09-11T19:26:34.807643+00:00,2026-09-11T19:26:37.875809+00:00,SCIENTIFIC_BASELINE_RUN; K from reference annotation count is privileged; source X semantics and coordinate units remain UNKNOWN; runtime excludes shared representation build
EXP-MB-E15-CONCAT-KMEANS-S31415,,P3C-MB_E15-CONCAT,P3C_INFRASTRUCTURE_VALIDATION,SUCCEEDED,Mouse_Brain_E15_S1,PHASE1D_SHA256_MANIFEST,PHASE_3C_CONFIG_FREEZE_2026-09-12,NOT_APPLICABLE_UNSUPERVISED_FULL_DATA,"{""clustering"": 31415, ""metric_subsample"": 0, ""numpy"": 31415, ""python"": 31415, ""representation"": 0}",BASE_CONCAT,BASE_CONCAT,transparent_baseline,8b5e9d239e910ca0a1efa496442b6d898fc0f6b2,08_experiments/EXP-MB-E15-CONCAT-KMEANS-S31415/config.yaml,08_experiments/EXP-MB-E15-CONCAT-KMEANS-S31415/embedding.npz,common_KMeans_clustering,08_experiments/EXP-MB-E15-CONCAT-KMEANS-S31415/metrics.json,3.0665219170041382,08_experiments/EXP-MB-E15-CONCAT-KMEANS-S31415/environment.json,08_experiments/EXP-MB-E15-CONCAT-KMEANS-S31415/saved_artifacts_manifest.json,08_experiments/EXP-MB-E15-CONCAT-KMEANS-S31415/metrics.json,R3_PROJECT_DATA_BASELINE,08_experiments/EXP-MB-E15-CONCAT-KMEANS-S31415/provenance.json,2026-09-11T19:26:37.946629+00:00,2026-09-11T19:26:41.013327+00:00,SCIENTIFIC_BASELINE_RUN; K from reference annotation count is privileged; source X semantics and coordinate units remain UNKNOWN; runtime excludes shared representation build
EXP-MB-E18-RNA-KMEANS-S1729,,P3C-MB_E18-RNA,P3C_INFRASTRUCTURE_VALIDATION,SUCCEEDED,Mouse_Brain_E18_S1,PHASE1D_SHA256_MANIFEST,PHASE_3C_CONFIG_FREEZE_2026-09-12,NOT_APPLICABLE_UNSUPERVISED_FULL_DATA,"{""clustering"": 1729, ""metric_subsample"": 0, ""numpy"": 1729, ""python"": 1729, ""representation"": 0}",BASE_RNA,BASE_RNA,transparent_baseline,8b5e9d239e910ca0a1efa496442b6d898fc0f6b2,08_experiments/EXP-MB-E18-RNA-KMEANS-S1729/config.yaml,08_experiments/EXP-MB-E18-RNA-KMEANS-S1729/embedding.npz,common_KMeans_clustering,08_experiments/EXP-MB-E18-RNA-KMEANS-S1729/metrics.json,4.129442167002708,08_experiments/EXP-MB-E18-RNA-KMEANS-S1729/environment.json,08_experiments/EXP-MB-E18-RNA-KMEANS-S1729/saved_artifacts_manifest.json,08_experiments/EXP-MB-E18-RNA-KMEANS-S1729/metrics.json,R3_PROJECT_DATA_BASELINE,08_experiments/EXP-MB-E18-RNA-KMEANS-S1729/provenance.json,2026-09-11T19:26:41.373409+00:00,2026-09-11T19:26:45.503044+00:00,SCIENTIFIC_BASELINE_RUN; K from reference annotation count is privileged; source X semantics and coordinate units remain UNKNOWN; runtime excludes shared representation build
EXP-MB-E18-RNA-KMEANS-S2718,,P3C-MB_E18-RNA,P3C_INFRASTRUCTURE_VALIDATION,SUCCEEDED,Mouse_Brain_E18_S1,PHASE1D_SHA256_MANIFEST,PHASE_3C_CONFIG_FREEZE_2026-09-12,NOT_APPLICABLE_UNSUPERVISED_FULL_DATA,"{""clustering"": 2718, ""metric_subsample"": 0, ""numpy"": 2718, ""python"": 2718, ""representation"": 0}",BASE_RNA,BASE_RNA,transparent_baseline,8b5e9d239e910ca0a1efa496442b6d898fc0f6b2,08_experiments/EXP-MB-E18-RNA-KMEANS-S2718/config.yaml,08_experiments/EXP-MB-E18-RNA-KMEANS-S2718/embedding.npz,common_KMeans_clustering,08_experiments/EXP-MB-E18-RNA-KMEANS-S2718/metrics.json,3.5507575840019854,08_experiments/EXP-MB-E18-RNA-KMEANS-S2718/environment.json,08_experiments/EXP-MB-E18-RNA-KMEANS-S2718/saved_artifacts_manifest.json,08_experiments/EXP-MB-E18-RNA-KMEANS-S2718/metrics.json,R3_PROJECT_DATA_BASELINE,08_experiments/EXP-MB-E18-RNA-KMEANS-S2718/provenance.json,2026-09-11T19:26:45.575050+00:00,2026-09-11T19:26:49.126003+00:00,SCIENTIFIC_BASELINE_RUN; K from reference annotation count is privileged; source X semantics and coordinate units remain UNKNOWN; runtime excludes shared representation build
EXP-MB-E18-RNA-KMEANS-S31415,,P3C-MB_E18-RNA,P3C_INFRASTRUCTURE_VALIDATION,SUCCEEDED,Mouse_Brain_E18_S1,PHASE1D_SHA256_MANIFEST,PHASE_3C_CONFIG_FREEZE_2026-09-12,NOT_APPLICABLE_UNSUPERVISED_FULL_DATA,"{""clustering"": 31415, ""metric_subsample"": 0, ""numpy"": 31415, ""python"": 31415, ""representation"": 0}",BASE_RNA,BASE_RNA,transparent_baseline,8b5e9d239e910ca0a1efa496442b6d898fc0f6b2,08_experiments/EXP-MB-E18-RNA-KMEANS-S31415/config.yaml,08_experiments/EXP-MB-E18-RNA-KMEANS-S31415/embedding.npz,common_KMeans_clustering,08_experiments/EXP-MB-E18-RNA-KMEANS-S31415/metrics.json,3.620406208006898,08_experiments/EXP-MB-E18-RNA-KMEANS-S31415/environment.json,08_experiments/EXP-MB-E18-RNA-KMEANS-S31415/saved_artifacts_manifest.json,08_experiments/EXP-MB-E18-RNA-KMEANS-S31415/metrics.json,R3_PROJECT_DATA_BASELINE,08_experiments/EXP-MB-E18-RNA-KMEANS-S31415/provenance.json,2026-09-11T19:26:49.199278+00:00,2026-09-11T19:26:52.819878+00:00,SCIENTIFIC_BASELINE_RUN; K from reference annotation count is privileged; source X semantics and coordinate units remain UNKNOWN; runtime excludes shared representation build
EXP-MB-E18-PCA-KMEANS-S1729,,P3C-MB_E18-PCA,P3C_INFRASTRUCTURE_VALIDATION,SUCCEEDED,Mouse_Brain_E18_S1,PHASE1D_SHA256_MANIFEST,PHASE_3C_CONFIG_FREEZE_2026-09-12,NOT_APPLICABLE_UNSUPERVISED_FULL_DATA,"{""clustering"": 1729, ""metric_subsample"": 0, ""numpy"": 1729, ""python"": 1729, ""representation"": 0}",PCA_CLASSICAL,PCA_CLASSICAL,transparent_baseline,8b5e9d239e910ca0a1efa496442b6d898fc0f6b2,08_experiments/EXP-MB-E18-PCA-KMEANS-S1729/config.yaml,08_experiments/EXP-MB-E18-PCA-KMEANS-S1729/embedding.npz,common_KMeans_clustering,08_experiments/EXP-MB-E18-PCA-KMEANS-S1729/metrics.json,0.11963454099895898,08_experiments/EXP-MB-E18-PCA-KMEANS-S1729/environment.json,08_experiments/EXP-MB-E18-PCA-KMEANS-S1729/saved_artifacts_manifest.json,08_experiments/EXP-MB-E18-PCA-KMEANS-S1729/metrics.json,R3_PROJECT_DATA_BASELINE,08_experiments/EXP-MB-E18-PCA-KMEANS-S1729/provenance.json,2026-09-11T19:26:52.891755+00:00,2026-09-11T19:26:53.011601+00:00,SCIENTIFIC_BASELINE_RUN; K from reference annotation count is privileged; source X semantics and coordinate units remain UNKNOWN; runtime excludes shared representation build
EXP-MB-E18-PCA-KMEANS-S2718,,P3C-MB_E18-PCA,P3C_INFRASTRUCTURE_VALIDATION,SUCCEEDED,Mouse_Brain_E18_S1,PHASE1D_SHA256_MANIFEST,PHASE_3C_CONFIG_FREEZE_2026-09-12,NOT_APPLICABLE_UNSUPERVISED_FULL_DATA,"{""clustering"": 2718, ""metric_subsample"": 0, ""numpy"": 2718, ""python"": 2718, ""representation"": 0}",PCA_CLASSICAL,PCA_CLASSICAL,transparent_baseline,8b5e9d239e910ca0a1efa496442b6d898fc0f6b2,08_experiments/EXP-MB-E18-PCA-KMEANS-S2718/config.yaml,08_experiments/EXP-MB-E18-PCA-KMEANS-S2718/embedding.npz,common_KMeans_clustering,08_experiments/EXP-MB-E18-PCA-KMEANS-S2718/metrics.json,0.11312462500063702,08_experiments/EXP-MB-E18-PCA-KMEANS-S2718/environment.json,08_experiments/EXP-MB-E18-PCA-KMEANS-S2718/saved_artifacts_manifest.json,08_experiments/EXP-MB-E18-PCA-KMEANS-S2718/metrics.json,R3_PROJECT_DATA_BASELINE,08_experiments/EXP-MB-E18-PCA-KMEANS-S2718/provenance.json,2026-09-11T19:26:53.073316+00:00,2026-09-11T19:26:53.186639+00:00,SCIENTIFIC_BASELINE_RUN; K from reference annotation count is privileged; source X semantics and coordinate units remain UNKNOWN; runtime excludes shared representation build
EXP-MB-E18-PCA-KMEANS-S31415,,P3C-MB_E18-PCA,P3C_INFRASTRUCTURE_VALIDATION,SUCCEEDED,Mouse_Brain_E18_S1,PHASE1D_SHA256_MANIFEST,PHASE_3C_CONFIG_FREEZE_2026-09-12,NOT_APPLICABLE_UNSUPERVISED_FULL_DATA,"{""clustering"": 31415, ""metric_subsample"": 0, ""numpy"": 31415, ""python"": 31415, ""representation"": 0}",PCA_CLASSICAL,PCA_CLASSICAL,transparent_baseline,8b5e9d239e910ca0a1efa496442b6d898fc0f6b2,08_experiments/EXP-MB-E18-PCA-KMEANS-S31415/config.yaml,08_experiments/EXP-MB-E18-PCA-KMEANS-S31415/embedding.npz,common_KMeans_clustering,08_experiments/EXP-MB-E18-PCA-KMEANS-S31415/metrics.json,0.11762049999379087,08_experiments/EXP-MB-E18-PCA-KMEANS-S31415/environment.json,08_experiments/EXP-MB-E18-PCA-KMEANS-S31415/saved_artifacts_manifest.json,08_experiments/EXP-MB-E18-PCA-KMEANS-S31415/metrics.json,R3_PROJECT_DATA_BASELINE,08_experiments/EXP-MB-E18-PCA-KMEANS-S31415/provenance.json,2026-09-11T19:26:53.251624+00:00,2026-09-11T19:26:53.369450+00:00,SCIENTIFIC_BASELINE_RUN; K from reference annotation count is privileged; source X semantics and coordinate units remain UNKNOWN; runtime excludes shared representation build
EXP-MB-E18-SPACE-KMEANS-S1729,,P3C-MB_E18-SPACE,P3C_INFRASTRUCTURE_VALIDATION,SUCCEEDED,Mouse_Brain_E18_S1,PHASE1D_SHA256_MANIFEST,PHASE_3C_CONFIG_FREEZE_2026-09-12,NOT_APPLICABLE_UNSUPERVISED_FULL_DATA,"{""clustering"": 1729, ""metric_subsample"": 0, ""numpy"": 1729, ""python"": 1729, ""representation"": 0}",BASE_SPACE,BASE_SPACE,transparent_baseline,8b5e9d239e910ca0a1efa496442b6d898fc0f6b2,08_experiments/EXP-MB-E18-SPACE-KMEANS-S1729/config.yaml,08_experiments/EXP-MB-E18-SPACE-KMEANS-S1729/embedding.npz,common_KMeans_clustering,08_experiments/EXP-MB-E18-SPACE-KMEANS-S1729/metrics.json,0.07593220900162123,08_experiments/EXP-MB-E18-SPACE-KMEANS-S1729/environment.json,08_experiments/EXP-MB-E18-SPACE-KMEANS-S1729/saved_artifacts_manifest.json,08_experiments/EXP-MB-E18-SPACE-KMEANS-S1729/metrics.json,R3_PROJECT_DATA_BASELINE,08_experiments/EXP-MB-E18-SPACE-KMEANS-S1729/provenance.json,2026-09-11T19:26:53.433700+00:00,2026-09-11T19:26:53.509842+00:00,SCIENTIFIC_BASELINE_RUN; K from reference annotation count is privileged; source X semantics and coordinate units remain UNKNOWN; runtime excludes shared representation build
EXP-MB-E18-SPACE-KMEANS-S2718,,P3C-MB_E18-SPACE,P3C_INFRASTRUCTURE_VALIDATION,SUCCEEDED,Mouse_Brain_E18_S1,PHASE1D_SHA256_MANIFEST,PHASE_3C_CONFIG_FREEZE_2026-09-12,NOT_APPLICABLE_UNSUPERVISED_FULL_DATA,"{""clustering"": 2718, ""metric_subsample"": 0, ""numpy"": 2718, ""python"": 2718, ""representation"": 0}",BASE_SPACE,BASE_SPACE,transparent_baseline,8b5e9d239e910ca0a1efa496442b6d898fc0f6b2,08_experiments/EXP-MB-E18-SPACE-KMEANS-S2718/config.yaml,08_experiments/EXP-MB-E18-SPACE-KMEANS-S2718/embedding.npz,common_KMeans_clustering,08_experiments/EXP-MB-E18-SPACE-KMEANS-S2718/metrics.json,0.07817987499583978,08_experiments/EXP-MB-E18-SPACE-KMEANS-S2718/environment.json,08_experiments/EXP-MB-E18-SPACE-KMEANS-S2718/saved_artifacts_manifest.json,08_experiments/EXP-MB-E18-SPACE-KMEANS-S2718/metrics.json,R3_PROJECT_DATA_BASELINE,08_experiments/EXP-MB-E18-SPACE-KMEANS-S2718/provenance.json,2026-09-11T19:26:53.568306+00:00,2026-09-11T19:26:53.646677+00:00,SCIENTIFIC_BASELINE_RUN; K from reference annotation count is privileged; source X semantics and coordinate units remain UNKNOWN; runtime excludes shared representation build
EXP-MB-E18-SPACE-KMEANS-S31415,,P3C-MB_E18-SPACE,P3C_INFRASTRUCTURE_VALIDATION,SUCCEEDED,Mouse_Brain_E18_S1,PHASE1D_SHA256_MANIFEST,PHASE_3C_CONFIG_FREEZE_2026-09-12,NOT_APPLICABLE_UNSUPERVISED_FULL_DATA,"{""clustering"": 31415, ""metric_subsample"": 0, ""numpy"": 31415, ""python"": 31415, ""representation"": 0}",BASE_SPACE,BASE_SPACE,transparent_baseline,8b5e9d239e910ca0a1efa496442b6d898fc0f6b2,08_experiments/EXP-MB-E18-SPACE-KMEANS-S31415/config.yaml,08_experiments/EXP-MB-E18-SPACE-KMEANS-S31415/embedding.npz,common_KMeans_clustering,08_experiments/EXP-MB-E18-SPACE-KMEANS-S31415/metrics.json,0.11291616699600127,08_experiments/EXP-MB-E18-SPACE-KMEANS-S31415/environment.json,08_experiments/EXP-MB-E18-SPACE-KMEANS-S31415/saved_artifacts_manifest.json,08_experiments/EXP-MB-E18-SPACE-KMEANS-S31415/metrics.json,R3_PROJECT_DATA_BASELINE,08_experiments/EXP-MB-E18-SPACE-KMEANS-S31415/provenance.json,2026-09-11T19:26:53.704731+00:00,2026-09-11T19:26:53.817841+00:00,SCIENTIFIC_BASELINE_RUN; K from reference annotation count is privileged; source X semantics and coordinate units remain UNKNOWN; runtime excludes shared representation build
