experiment_id,dataset,modalities,baseline,representation,embedding_dim,clustering,cluster_count,cluster_count_source,seed,ARI,NMI,silhouette,runtime_seconds,runtime_scope,status,metric_output_location,provenance_location
EXP-LN-A1-PCA-KMEANS-S1729,LN_A1,RNA,PCA,PCA,30,KMeans,10,reference_annotation_count,1729,0.2304425723063286,0.3386412118097548,0.1504506640302149,0.27363112500461284,post_representation_clustering_metrics_and_artifact_serialization,SUCCEEDED,08_experiments/EXP-LN-A1-PCA-KMEANS-S1729/metrics.json,08_experiments/EXP-LN-A1-PCA-KMEANS-S1729/provenance.json
EXP-LN-A1-RNA-KMEANS-S1729,LN_A1,RNA,RNA,RNA,2000,KMeans,10,reference_annotation_count,1729,0.2137084293980493,0.32033410076659935,-0.03381922425788723,7.85067554199486,post_representation_clustering_metrics_and_artifact_serialization,SUCCEEDED,08_experiments/EXP-LN-A1-RNA-KMEANS-S1729/metrics.json,08_experiments/EXP-LN-A1-RNA-KMEANS-S1729/provenance.json
EXP-LN-A1-RNA-KMEANS-S2718,LN_A1,RNA,RNA,RNA,2000,KMeans,10,reference_annotation_count,2718,0.21116435527579158,0.31206509685973155,-0.033711721589700046,8.420204708003439,post_representation_clustering_metrics_and_artifact_serialization,SUCCEEDED,08_experiments/EXP-LN-A1-RNA-KMEANS-S2718/metrics.json,08_experiments/EXP-LN-A1-RNA-KMEANS-S2718/provenance.json
EXP-LN-A1-RNA-KMEANS-S31415,LN_A1,RNA,RNA,RNA,2000,KMeans,10,reference_annotation_count,31415,0.2162178904308263,0.30574884496993077,-0.03264622706281012,7.9687617080053315,post_representation_clustering_metrics_and_artifact_serialization,SUCCEEDED,08_experiments/EXP-LN-A1-RNA-KMEANS-S31415/metrics.json,08_experiments/EXP-LN-A1-RNA-KMEANS-S31415/provenance.json
EXP-LN-A1-PCA-KMEANS-S2718,LN_A1,RNA,PCA,PCA,30,KMeans,10,reference_annotation_count,2718,0.23061239088969035,0.33909499859834596,0.15112446775808727,0.16991370799951255,post_representation_clustering_metrics_and_artifact_serialization,SUCCEEDED,08_experiments/EXP-LN-A1-PCA-KMEANS-S2718/metrics.json,08_experiments/EXP-LN-A1-PCA-KMEANS-S2718/provenance.json
EXP-LN-A1-PCA-KMEANS-S31415,LN_A1,RNA,PCA,PCA,30,KMeans,10,reference_annotation_count,31415,0.2347511026841955,0.3429123244836748,0.1514742547467336,0.17587033299787436,post_representation_clustering_metrics_and_artifact_serialization,SUCCEEDED,08_experiments/EXP-LN-A1-PCA-KMEANS-S31415/metrics.json,08_experiments/EXP-LN-A1-PCA-KMEANS-S31415/provenance.json
EXP-LN-A1-SPACE-KMEANS-S1729,LN_A1,spatial_coordinates,SPACE,SPACE,2,KMeans,10,reference_annotation_count,1729,0.06705234452479386,0.15128035139816198,0.3525528359609896,0.08172366699727718,post_representation_clustering_metrics_and_artifact_serialization,SUCCEEDED,08_experiments/EXP-LN-A1-SPACE-KMEANS-S1729/metrics.json,08_experiments/EXP-LN-A1-SPACE-KMEANS-S1729/provenance.json
EXP-LN-A1-SPACE-KMEANS-S2718,LN_A1,spatial_coordinates,SPACE,SPACE,2,KMeans,10,reference_annotation_count,2718,0.06794946138480393,0.15374529030771994,0.35437635474308443,0.09421012501115911,post_representation_clustering_metrics_and_artifact_serialization,SUCCEEDED,08_experiments/EXP-LN-A1-SPACE-KMEANS-S2718/metrics.json,08_experiments/EXP-LN-A1-SPACE-KMEANS-S2718/provenance.json
EXP-LN-A1-SPACE-KMEANS-S31415,LN_A1,spatial_coordinates,SPACE,SPACE,2,KMeans,10,reference_annotation_count,31415,0.06702248397421309,0.15025246342673101,0.3535148615560435,0.08207279199268669,post_representation_clustering_metrics_and_artifact_serialization,SUCCEEDED,08_experiments/EXP-LN-A1-SPACE-KMEANS-S31415/metrics.json,08_experiments/EXP-LN-A1-SPACE-KMEANS-S31415/provenance.json
EXP-LN-A1-ADT-KMEANS-S1729,LN_A1,ADT,ADT,ADT,31,KMeans,10,reference_annotation_count,1729,0.24457231226316262,0.31203324941066707,0.11453142894320754,0.14818387500417884,post_representation_clustering_metrics_and_artifact_serialization,SUCCEEDED,08_experiments/EXP-LN-A1-ADT-KMEANS-S1729/metrics.json,08_experiments/EXP-LN-A1-ADT-KMEANS-S1729/provenance.json
EXP-LN-A1-ADT-KMEANS-S2718,LN_A1,ADT,ADT,ADT,31,KMeans,10,reference_annotation_count,2718,0.21343577024983373,0.30113746235526617,0.09931847470450919,0.14921741600846872,post_representation_clustering_metrics_and_artifact_serialization,SUCCEEDED,08_experiments/EXP-LN-A1-ADT-KMEANS-S2718/metrics.json,08_experiments/EXP-LN-A1-ADT-KMEANS-S2718/provenance.json
EXP-LN-A1-ADT-KMEANS-S31415,LN_A1,ADT,ADT,ADT,31,KMeans,10,reference_annotation_count,31415,0.2444234317265172,0.3113823289453173,0.11323041954748723,0.17890037500183098,post_representation_clustering_metrics_and_artifact_serialization,SUCCEEDED,08_experiments/EXP-LN-A1-ADT-KMEANS-S31415/metrics.json,08_experiments/EXP-LN-A1-ADT-KMEANS-S31415/provenance.json
EXP-LN-A1-CONCAT-KMEANS-S1729,LN_A1,RNA+ADT,CONCAT,CONCAT,2031,KMeans,10,reference_annotation_count,1729,0.2145333122707893,0.31579731087692847,0.02877107616231484,6.306405084003927,post_representation_clustering_metrics_and_artifact_serialization,SUCCEEDED,08_experiments/EXP-LN-A1-CONCAT-KMEANS-S1729/metrics.json,08_experiments/EXP-LN-A1-CONCAT-KMEANS-S1729/provenance.json
EXP-LN-A1-CONCAT-KMEANS-S2718,LN_A1,RNA+ADT,CONCAT,CONCAT,2031,KMeans,10,reference_annotation_count,2718,0.19741076725361614,0.31469089684897045,0.022666227824403088,6.536829083997873,post_representation_clustering_metrics_and_artifact_serialization,SUCCEEDED,08_experiments/EXP-LN-A1-CONCAT-KMEANS-S2718/metrics.json,08_experiments/EXP-LN-A1-CONCAT-KMEANS-S2718/provenance.json
EXP-LN-A1-CONCAT-KMEANS-S31415,LN_A1,RNA+ADT,CONCAT,CONCAT,2031,KMeans,10,reference_annotation_count,31415,0.25062432011595165,0.3400838626843218,0.03971176980506699,6.811262083996553,post_representation_clustering_metrics_and_artifact_serialization,SUCCEEDED,08_experiments/EXP-LN-A1-CONCAT-KMEANS-S31415/metrics.json,08_experiments/EXP-LN-A1-CONCAT-KMEANS-S31415/provenance.json
EXP-LN-D1-RNA-KMEANS-S1729,LN_D1,RNA,RNA,RNA,2000,KMeans,11,reference_annotation_count,1729,0.13902074168559536,0.22777605941732068,-0.05406956437567522,8.15341433401045,post_representation_clustering_metrics_and_artifact_serialization,SUCCEEDED,08_experiments/EXP-LN-D1-RNA-KMEANS-S1729/metrics.json,08_experiments/EXP-LN-D1-RNA-KMEANS-S1729/provenance.json
EXP-LN-D1-RNA-KMEANS-S2718,LN_D1,RNA,RNA,RNA,2000,KMeans,11,reference_annotation_count,2718,0.14661906778872488,0.22510989794036618,-0.052071171214811696,9.47835733401007,post_representation_clustering_metrics_and_artifact_serialization,SUCCEEDED,08_experiments/EXP-LN-D1-RNA-KMEANS-S2718/metrics.json,08_experiments/EXP-LN-D1-RNA-KMEANS-S2718/provenance.json
EXP-LN-D1-RNA-KMEANS-S31415,LN_D1,RNA,RNA,RNA,2000,KMeans,11,reference_annotation_count,31415,0.13820826717812326,0.223805728686492,-0.052228167381985484,9.435225082997931,post_representation_clustering_metrics_and_artifact_serialization,SUCCEEDED,08_experiments/EXP-LN-D1-RNA-KMEANS-S31415/metrics.json,08_experiments/EXP-LN-D1-RNA-KMEANS-S31415/provenance.json
EXP-LN-D1-PCA-KMEANS-S1729,LN_D1,RNA,PCA,PCA,30,KMeans,11,reference_annotation_count,1729,0.14510212084911062,0.24876424836972647,0.09162210597197579,0.18362866698589642,post_representation_clustering_metrics_and_artifact_serialization,SUCCEEDED,08_experiments/EXP-LN-D1-PCA-KMEANS-S1729/metrics.json,08_experiments/EXP-LN-D1-PCA-KMEANS-S1729/provenance.json
EXP-LN-D1-PCA-KMEANS-S2718,LN_D1,RNA,PCA,PCA,30,KMeans,11,reference_annotation_count,2718,0.14740972709757463,0.252764629165957,0.0926363687340608,0.17178666598920245,post_representation_clustering_metrics_and_artifact_serialization,SUCCEEDED,08_experiments/EXP-LN-D1-PCA-KMEANS-S2718/metrics.json,08_experiments/EXP-LN-D1-PCA-KMEANS-S2718/provenance.json
EXP-LN-D1-PCA-KMEANS-S31415,LN_D1,RNA,PCA,PCA,30,KMeans,11,reference_annotation_count,31415,0.1458756097064893,0.2508201004549335,0.09108880444583005,0.17435562500031665,post_representation_clustering_metrics_and_artifact_serialization,SUCCEEDED,08_experiments/EXP-LN-D1-PCA-KMEANS-S31415/metrics.json,08_experiments/EXP-LN-D1-PCA-KMEANS-S31415/provenance.json
EXP-LN-D1-SPACE-KMEANS-S1729,LN_D1,spatial_coordinates,SPACE,SPACE,2,KMeans,11,reference_annotation_count,1729,0.05032851096066214,0.14486802221485073,0.3429037873916282,0.07704258299781941,post_representation_clustering_metrics_and_artifact_serialization,SUCCEEDED,08_experiments/EXP-LN-D1-SPACE-KMEANS-S1729/metrics.json,08_experiments/EXP-LN-D1-SPACE-KMEANS-S1729/provenance.json
EXP-LN-D1-SPACE-KMEANS-S2718,LN_D1,spatial_coordinates,SPACE,SPACE,2,KMeans,11,reference_annotation_count,2718,0.05041282079549437,0.14506414328207812,0.33304291582006157,0.0837889589893166,post_representation_clustering_metrics_and_artifact_serialization,SUCCEEDED,08_experiments/EXP-LN-D1-SPACE-KMEANS-S2718/metrics.json,08_experiments/EXP-LN-D1-SPACE-KMEANS-S2718/provenance.json
EXP-LN-D1-SPACE-KMEANS-S31415,LN_D1,spatial_coordinates,SPACE,SPACE,2,KMeans,11,reference_annotation_count,31415,0.053669487618854095,0.15332159286085695,0.34446654582542735,0.08444854199478868,post_representation_clustering_metrics_and_artifact_serialization,SUCCEEDED,08_experiments/EXP-LN-D1-SPACE-KMEANS-S31415/metrics.json,08_experiments/EXP-LN-D1-SPACE-KMEANS-S31415/provenance.json
EXP-LN-D1-ADT-KMEANS-S1729,LN_D1,ADT,ADT,ADT,31,KMeans,11,reference_annotation_count,1729,0.24155443743977165,0.3008545702060818,0.10694026724608102,0.15270654199412093,post_representation_clustering_metrics_and_artifact_serialization,SUCCEEDED,08_experiments/EXP-LN-D1-ADT-KMEANS-S1729/metrics.json,08_experiments/EXP-LN-D1-ADT-KMEANS-S1729/provenance.json
EXP-LN-D1-ADT-KMEANS-S2718,LN_D1,ADT,ADT,ADT,31,KMeans,11,reference_annotation_count,2718,0.2540092396866402,0.32021755612718267,0.10728977932497553,0.155706082994584,post_representation_clustering_metrics_and_artifact_serialization,SUCCEEDED,08_experiments/EXP-LN-D1-ADT-KMEANS-S2718/metrics.json,08_experiments/EXP-LN-D1-ADT-KMEANS-S2718/provenance.json
EXP-LN-D1-ADT-KMEANS-S31415,LN_D1,ADT,ADT,ADT,31,KMeans,11,reference_annotation_count,31415,0.240814925299071,0.3013360362890021,0.10361608159155285,0.15578141699370462,post_representation_clustering_metrics_and_artifact_serialization,SUCCEEDED,08_experiments/EXP-LN-D1-ADT-KMEANS-S31415/metrics.json,08_experiments/EXP-LN-D1-ADT-KMEANS-S31415/provenance.json
EXP-LN-D1-CONCAT-KMEANS-S1729,LN_D1,RNA+ADT,CONCAT,CONCAT,2031,KMeans,11,reference_annotation_count,1729,0.21181544026177726,0.3250051628039443,0.021524066634930353,6.51446637501067,post_representation_clustering_metrics_and_artifact_serialization,SUCCEEDED,08_experiments/EXP-LN-D1-CONCAT-KMEANS-S1729/metrics.json,08_experiments/EXP-LN-D1-CONCAT-KMEANS-S1729/provenance.json
EXP-LN-D1-CONCAT-KMEANS-S2718,LN_D1,RNA+ADT,CONCAT,CONCAT,2031,KMeans,11,reference_annotation_count,2718,0.2451600255157797,0.3131598604908703,0.028146737061443147,7.511949833002291,post_representation_clustering_metrics_and_artifact_serialization,SUCCEEDED,08_experiments/EXP-LN-D1-CONCAT-KMEANS-S2718/metrics.json,08_experiments/EXP-LN-D1-CONCAT-KMEANS-S2718/provenance.json
EXP-LN-D1-CONCAT-KMEANS-S31415,LN_D1,RNA+ADT,CONCAT,CONCAT,2031,KMeans,11,reference_annotation_count,31415,0.1735045716895775,0.2943695168839934,0.010329584616556562,7.893806540989317,post_representation_clustering_metrics_and_artifact_serialization,SUCCEEDED,08_experiments/EXP-LN-D1-CONCAT-KMEANS-S31415/metrics.json,08_experiments/EXP-LN-D1-CONCAT-KMEANS-S31415/provenance.json
EXP-MB-E11-RNA-KMEANS-S1729,MB_E11,RNA,RNA,RNA,2000,KMeans,8,reference_annotation_count,1729,0.17370755984712938,0.23718552811556123,0.024977368108065726,1.7899821249884553,post_representation_clustering_metrics_and_artifact_serialization,SUCCEEDED,08_experiments/EXP-MB-E11-RNA-KMEANS-S1729/metrics.json,08_experiments/EXP-MB-E11-RNA-KMEANS-S1729/provenance.json
EXP-MB-E11-RNA-KMEANS-S2718,MB_E11,RNA,RNA,RNA,2000,KMeans,8,reference_annotation_count,2718,0.17496420998266618,0.2302952628743686,0.029123897715569662,1.7940216669958318,post_representation_clustering_metrics_and_artifact_serialization,SUCCEEDED,08_experiments/EXP-MB-E11-RNA-KMEANS-S2718/metrics.json,08_experiments/EXP-MB-E11-RNA-KMEANS-S2718/provenance.json
EXP-MB-E11-RNA-KMEANS-S31415,MB_E11,RNA,RNA,RNA,2000,KMeans,8,reference_annotation_count,31415,0.16377170356583504,0.23214266115014026,0.01830761188512252,2.056715584010817,post_representation_clustering_metrics_and_artifact_serialization,SUCCEEDED,08_experiments/EXP-MB-E11-RNA-KMEANS-S31415/metrics.json,08_experiments/EXP-MB-E11-RNA-KMEANS-S31415/provenance.json
EXP-MB-E11-PCA-KMEANS-S1729,MB_E11,RNA,PCA,PCA,30,KMeans,8,reference_annotation_count,1729,0.16026359947363678,0.23448935231865523,0.1910363480379563,0.05768887500744313,post_representation_clustering_metrics_and_artifact_serialization,SUCCEEDED,08_experiments/EXP-MB-E11-PCA-KMEANS-S1729/metrics.json,08_experiments/EXP-MB-E11-PCA-KMEANS-S1729/provenance.json
EXP-MB-E11-PCA-KMEANS-S2718,MB_E11,RNA,PCA,PCA,30,KMeans,8,reference_annotation_count,2718,0.16009355106938572,0.23498378753946011,0.1913963074827229,0.05567012500250712,post_representation_clustering_metrics_and_artifact_serialization,SUCCEEDED,08_experiments/EXP-MB-E11-PCA-KMEANS-S2718/metrics.json,08_experiments/EXP-MB-E11-PCA-KMEANS-S2718/provenance.json
EXP-MB-E11-PCA-KMEANS-S31415,MB_E11,RNA,PCA,PCA,30,KMeans,8,reference_annotation_count,31415,0.15946880691784726,0.23380248584052077,0.1913963074827229,0.05452362500363961,post_representation_clustering_metrics_and_artifact_serialization,SUCCEEDED,08_experiments/EXP-MB-E11-PCA-KMEANS-S31415/metrics.json,08_experiments/EXP-MB-E11-PCA-KMEANS-S31415/provenance.json
EXP-MB-E11-SPACE-KMEANS-S1729,MB_E11,spatial_coordinates,SPACE,SPACE,2,KMeans,8,reference_annotation_count,1729,0.1059696244558478,0.20156775813597938,0.3738115317374682,0.03593616600846872,post_representation_clustering_metrics_and_artifact_serialization,SUCCEEDED,08_experiments/EXP-MB-E11-SPACE-KMEANS-S1729/metrics.json,08_experiments/EXP-MB-E11-SPACE-KMEANS-S1729/provenance.json
EXP-MB-E11-SPACE-KMEANS-S2718,MB_E11,spatial_coordinates,SPACE,SPACE,2,KMeans,8,reference_annotation_count,2718,0.10578342225824582,0.2012917252032358,0.3735347722777743,0.034523916998296045,post_representation_clustering_metrics_and_artifact_serialization,SUCCEEDED,08_experiments/EXP-MB-E11-SPACE-KMEANS-S2718/metrics.json,08_experiments/EXP-MB-E11-SPACE-KMEANS-S2718/provenance.json
EXP-MB-E11-SPACE-KMEANS-S31415,MB_E11,spatial_coordinates,SPACE,SPACE,2,KMeans,8,reference_annotation_count,31415,0.10538159755893525,0.20098614471173132,0.3738962754010812,0.0355567090009572,post_representation_clustering_metrics_and_artifact_serialization,SUCCEEDED,08_experiments/EXP-MB-E11-SPACE-KMEANS-S31415/metrics.json,08_experiments/EXP-MB-E11-SPACE-KMEANS-S31415/provenance.json
EXP-MB-E11-ATAC-KMEANS-S1729,MB_E11,ATAC,ATAC,ATAC,30,KMeans,8,reference_annotation_count,1729,-0.002434189853242366,0.007671078264173298,0.9247801948619183,0.03450079199683387,post_representation_clustering_metrics_and_artifact_serialization,SUCCEEDED,08_experiments/EXP-MB-E11-ATAC-KMEANS-S1729/metrics.json,08_experiments/EXP-MB-E11-ATAC-KMEANS-S1729/provenance.json
EXP-MB-E11-ATAC-KMEANS-S2718,MB_E11,ATAC,ATAC,ATAC,30,KMeans,8,reference_annotation_count,2718,-0.002434189853242366,0.007671078264173298,0.9223087623960086,0.06368291600665543,post_representation_clustering_metrics_and_artifact_serialization,SUCCEEDED,08_experiments/EXP-MB-E11-ATAC-KMEANS-S2718/metrics.json,08_experiments/EXP-MB-E11-ATAC-KMEANS-S2718/provenance.json
EXP-MB-E11-ATAC-KMEANS-S31415,MB_E11,ATAC,ATAC,ATAC,30,KMeans,8,reference_annotation_count,31415,-0.002434189853242366,0.007671078264173298,0.9247455580198646,0.035328917001606897,post_representation_clustering_metrics_and_artifact_serialization,SUCCEEDED,08_experiments/EXP-MB-E11-ATAC-KMEANS-S31415/metrics.json,08_experiments/EXP-MB-E11-ATAC-KMEANS-S31415/provenance.json
EXP-MB-E11-CONCAT-KMEANS-S1729,MB_E11,RNA+ATAC,CONCAT,CONCAT,2030,KMeans,8,reference_annotation_count,1729,0.2351857571897889,0.20558829875488652,0.04749336458939333,1.5958442499977536,post_representation_clustering_metrics_and_artifact_serialization,SUCCEEDED,08_experiments/EXP-MB-E11-CONCAT-KMEANS-S1729/metrics.json,08_experiments/EXP-MB-E11-CONCAT-KMEANS-S1729/provenance.json
EXP-MB-E11-CONCAT-KMEANS-S2718,MB_E11,RNA+ATAC,CONCAT,CONCAT,2030,KMeans,8,reference_annotation_count,2718,0.23035650859683549,0.2128235575911341,0.04925032417514484,1.721610916996724,post_representation_clustering_metrics_and_artifact_serialization,SUCCEEDED,08_experiments/EXP-MB-E11-CONCAT-KMEANS-S2718/metrics.json,08_experiments/EXP-MB-E11-CONCAT-KMEANS-S2718/provenance.json
EXP-MB-E11-CONCAT-KMEANS-S31415,MB_E11,RNA+ATAC,CONCAT,CONCAT,2030,KMeans,8,reference_annotation_count,31415,0.20912910096613502,0.20869311409741687,0.009492436859345612,1.7488576250034384,post_representation_clustering_metrics_and_artifact_serialization,SUCCEEDED,08_experiments/EXP-MB-E11-CONCAT-KMEANS-S31415/metrics.json,08_experiments/EXP-MB-E11-CONCAT-KMEANS-S31415/provenance.json
EXP-MB-E13-RNA-KMEANS-S1729,MB_E13,RNA,RNA,RNA,2000,KMeans,12,reference_annotation_count,1729,0.05303724374434635,0.16370742592271,0.01025550767526464,2.731390749991988,post_representation_clustering_metrics_and_artifact_serialization,SUCCEEDED,08_experiments/EXP-MB-E13-RNA-KMEANS-S1729/metrics.json,08_experiments/EXP-MB-E13-RNA-KMEANS-S1729/provenance.json
EXP-MB-E13-RNA-KMEANS-S2718,MB_E13,RNA,RNA,RNA,2000,KMeans,12,reference_annotation_count,2718,0.041701791474030116,0.13686555555815436,0.01536607937100612,2.6278871660033474,post_representation_clustering_metrics_and_artifact_serialization,SUCCEEDED,08_experiments/EXP-MB-E13-RNA-KMEANS-S2718/metrics.json,08_experiments/EXP-MB-E13-RNA-KMEANS-S2718/provenance.json
EXP-MB-E13-RNA-KMEANS-S31415,MB_E13,RNA,RNA,RNA,2000,KMeans,12,reference_annotation_count,31415,0.05104000457414698,0.15072217529600637,0.01544057454903249,2.894169624996721,post_representation_clustering_metrics_and_artifact_serialization,SUCCEEDED,08_experiments/EXP-MB-E13-RNA-KMEANS-S31415/metrics.json,08_experiments/EXP-MB-E13-RNA-KMEANS-S31415/provenance.json
EXP-MB-E13-PCA-KMEANS-S1729,MB_E13,RNA,PCA,PCA,30,KMeans,12,reference_annotation_count,1729,0.05772991378998123,0.15790630746285453,0.16022206871281522,0.0916658749920316,post_representation_clustering_metrics_and_artifact_serialization,SUCCEEDED,08_experiments/EXP-MB-E13-PCA-KMEANS-S1729/metrics.json,08_experiments/EXP-MB-E13-PCA-KMEANS-S1729/provenance.json
EXP-MB-E13-PCA-KMEANS-S2718,MB_E13,RNA,PCA,PCA,30,KMeans,12,reference_annotation_count,2718,0.05843354000796202,0.15767404724241307,0.15869845774388225,0.0855119579937309,post_representation_clustering_metrics_and_artifact_serialization,SUCCEEDED,08_experiments/EXP-MB-E13-PCA-KMEANS-S2718/metrics.json,08_experiments/EXP-MB-E13-PCA-KMEANS-S2718/provenance.json
EXP-MB-E13-PCA-KMEANS-S31415,MB_E13,RNA,PCA,PCA,30,KMeans,12,reference_annotation_count,31415,0.05770231307145303,0.1575313842606505,0.1596927989498896,0.08584258299379144,post_representation_clustering_metrics_and_artifact_serialization,SUCCEEDED,08_experiments/EXP-MB-E13-PCA-KMEANS-S31415/metrics.json,08_experiments/EXP-MB-E13-PCA-KMEANS-S31415/provenance.json
EXP-MB-E13-SPACE-KMEANS-S1729,MB_E13,spatial_coordinates,SPACE,SPACE,2,KMeans,12,reference_annotation_count,1729,0.1478377776345435,0.338104711625931,0.3348167290057208,0.055008041992550716,post_representation_clustering_metrics_and_artifact_serialization,SUCCEEDED,08_experiments/EXP-MB-E13-SPACE-KMEANS-S1729/metrics.json,08_experiments/EXP-MB-E13-SPACE-KMEANS-S1729/provenance.json
EXP-MB-E13-SPACE-KMEANS-S2718,MB_E13,spatial_coordinates,SPACE,SPACE,2,KMeans,12,reference_annotation_count,2718,0.14387139361823836,0.3379822379109525,0.3381777931323144,0.057013291007024236,post_representation_clustering_metrics_and_artifact_serialization,SUCCEEDED,08_experiments/EXP-MB-E13-SPACE-KMEANS-S2718/metrics.json,08_experiments/EXP-MB-E13-SPACE-KMEANS-S2718/provenance.json
EXP-MB-E13-SPACE-KMEANS-S31415,MB_E13,spatial_coordinates,SPACE,SPACE,2,KMeans,12,reference_annotation_count,31415,0.1442792033872658,0.3337374026989894,0.3347323340496549,0.0573262079997221,post_representation_clustering_metrics_and_artifact_serialization,SUCCEEDED,08_experiments/EXP-MB-E13-SPACE-KMEANS-S31415/metrics.json,08_experiments/EXP-MB-E13-SPACE-KMEANS-S31415/provenance.json
EXP-MB-E13-ATAC-KMEANS-S1729,MB_E13,ATAC,ATAC,ATAC,30,KMeans,12,reference_annotation_count,1729,0.0030393422587902215,0.019177170337990598,0.94912436310451,0.05037304200232029,post_representation_clustering_metrics_and_artifact_serialization,SUCCEEDED,08_experiments/EXP-MB-E13-ATAC-KMEANS-S1729/metrics.json,08_experiments/EXP-MB-E13-ATAC-KMEANS-S1729/provenance.json
EXP-MB-E13-ATAC-KMEANS-S2718,MB_E13,ATAC,ATAC,ATAC,30,KMeans,12,reference_annotation_count,2718,0.003459586661032425,0.019625146718145955,0.94912436310451,0.048348415992222726,post_representation_clustering_metrics_and_artifact_serialization,SUCCEEDED,08_experiments/EXP-MB-E13-ATAC-KMEANS-S2718/metrics.json,08_experiments/EXP-MB-E13-ATAC-KMEANS-S2718/provenance.json
EXP-MB-E13-ATAC-KMEANS-S31415,MB_E13,ATAC,ATAC,ATAC,30,KMeans,12,reference_annotation_count,31415,0.0026395975834866622,0.01745574160585765,0.9504524382413856,0.05003633300657384,post_representation_clustering_metrics_and_artifact_serialization,SUCCEEDED,08_experiments/EXP-MB-E13-ATAC-KMEANS-S31415/metrics.json,08_experiments/EXP-MB-E13-ATAC-KMEANS-S31415/provenance.json
EXP-MB-E13-CONCAT-KMEANS-S1729,MB_E13,RNA+ATAC,CONCAT,CONCAT,2030,KMeans,12,reference_annotation_count,1729,0.039655095525198296,0.08201751889828314,0.11297510371874361,2.6415602909983136,post_representation_clustering_metrics_and_artifact_serialization,SUCCEEDED,08_experiments/EXP-MB-E13-CONCAT-KMEANS-S1729/metrics.json,08_experiments/EXP-MB-E13-CONCAT-KMEANS-S1729/provenance.json
EXP-MB-E13-CONCAT-KMEANS-S2718,MB_E13,RNA+ATAC,CONCAT,CONCAT,2030,KMeans,12,reference_annotation_count,2718,0.06245116526329531,0.10687959794840614,0.05225873263861798,2.804918916997849,post_representation_clustering_metrics_and_artifact_serialization,SUCCEEDED,08_experiments/EXP-MB-E13-CONCAT-KMEANS-S2718/metrics.json,08_experiments/EXP-MB-E13-CONCAT-KMEANS-S2718/provenance.json
EXP-MB-E13-CONCAT-KMEANS-S31415,MB_E13,RNA+ATAC,CONCAT,CONCAT,2030,KMeans,12,reference_annotation_count,31415,0.06646382215725694,0.10833030306047399,0.0569953115183522,2.827014833004796,post_representation_clustering_metrics_and_artifact_serialization,SUCCEEDED,08_experiments/EXP-MB-E13-CONCAT-KMEANS-S31415/metrics.json,08_experiments/EXP-MB-E13-CONCAT-KMEANS-S31415/provenance.json
EXP-MB-E15-RNA-KMEANS-S1729,MB_E15,RNA,RNA,RNA,2000,KMeans,12,reference_annotation_count,1729,0.09713912421621564,0.21158659470028926,0.013119756169037065,3.071869292005431,post_representation_clustering_metrics_and_artifact_serialization,SUCCEEDED,08_experiments/EXP-MB-E15-RNA-KMEANS-S1729/metrics.json,08_experiments/EXP-MB-E15-RNA-KMEANS-S1729/provenance.json
EXP-MB-E15-RNA-KMEANS-S2718,MB_E15,RNA,RNA,RNA,2000,KMeans,12,reference_annotation_count,2718,0.11187985903591484,0.21383420031408837,0.0060699337656700825,2.8960977910028305,post_representation_clustering_metrics_and_artifact_serialization,SUCCEEDED,08_experiments/EXP-MB-E15-RNA-KMEANS-S2718/metrics.json,08_experiments/EXP-MB-E15-RNA-KMEANS-S2718/provenance.json
EXP-MB-E15-RNA-KMEANS-S31415,MB_E15,RNA,RNA,RNA,2000,KMeans,12,reference_annotation_count,31415,0.07645335685504764,0.1770389340466572,0.005434512257233957,2.897366625009454,post_representation_clustering_metrics_and_artifact_serialization,SUCCEEDED,08_experiments/EXP-MB-E15-RNA-KMEANS-S31415/metrics.json,08_experiments/EXP-MB-E15-RNA-KMEANS-S31415/provenance.json
EXP-MB-E15-PCA-KMEANS-S1729,MB_E15,RNA,PCA,PCA,30,KMeans,12,reference_annotation_count,1729,0.1139100112856664,0.2300929582902075,0.16139213214622333,0.10392337499069981,post_representation_clustering_metrics_and_artifact_serialization,SUCCEEDED,08_experiments/EXP-MB-E15-PCA-KMEANS-S1729/metrics.json,08_experiments/EXP-MB-E15-PCA-KMEANS-S1729/provenance.json
EXP-MB-E15-PCA-KMEANS-S2718,MB_E15,RNA,PCA,PCA,30,KMeans,12,reference_annotation_count,2718,0.11371125320112423,0.22782081481174368,0.16190391109072325,0.10587062500417233,post_representation_clustering_metrics_and_artifact_serialization,SUCCEEDED,08_experiments/EXP-MB-E15-PCA-KMEANS-S2718/metrics.json,08_experiments/EXP-MB-E15-PCA-KMEANS-S2718/provenance.json
EXP-MB-E15-PCA-KMEANS-S31415,MB_E15,RNA,PCA,PCA,30,KMeans,12,reference_annotation_count,31415,0.09051252600237061,0.1876572474831134,0.15587370867824984,0.09752241699607112,post_representation_clustering_metrics_and_artifact_serialization,SUCCEEDED,08_experiments/EXP-MB-E15-PCA-KMEANS-S31415/metrics.json,08_experiments/EXP-MB-E15-PCA-KMEANS-S31415/provenance.json
EXP-MB-E15-SPACE-KMEANS-S1729,MB_E15,spatial_coordinates,SPACE,SPACE,2,KMeans,12,reference_annotation_count,1729,0.18175145056928135,0.3938308606787916,0.35050695274096955,0.09955654200166464,post_representation_clustering_metrics_and_artifact_serialization,SUCCEEDED,08_experiments/EXP-MB-E15-SPACE-KMEANS-S1729/metrics.json,08_experiments/EXP-MB-E15-SPACE-KMEANS-S1729/provenance.json
EXP-MB-E15-SPACE-KMEANS-S2718,MB_E15,spatial_coordinates,SPACE,SPACE,2,KMeans,12,reference_annotation_count,2718,0.17569874796048643,0.38869972784502754,0.35142427956324346,0.06338887500169221,post_representation_clustering_metrics_and_artifact_serialization,SUCCEEDED,08_experiments/EXP-MB-E15-SPACE-KMEANS-S2718/metrics.json,08_experiments/EXP-MB-E15-SPACE-KMEANS-S2718/provenance.json
EXP-MB-E15-SPACE-KMEANS-S31415,MB_E15,spatial_coordinates,SPACE,SPACE,2,KMeans,12,reference_annotation_count,31415,0.17861235407918924,0.39107615965055664,0.3493782421797454,0.07134029100416228,post_representation_clustering_metrics_and_artifact_serialization,SUCCEEDED,08_experiments/EXP-MB-E15-SPACE-KMEANS-S31415/metrics.json,08_experiments/EXP-MB-E15-SPACE-KMEANS-S31415/provenance.json
EXP-MB-E15-ATAC-KMEANS-S1729,MB_E15,ATAC,ATAC,ATAC,30,KMeans,12,reference_annotation_count,1729,0.0007709292377980563,0.010951047905912663,0.9384981487327779,0.06416862498736009,post_representation_clustering_metrics_and_artifact_serialization,SUCCEEDED,08_experiments/EXP-MB-E15-ATAC-KMEANS-S1729/metrics.json,08_experiments/EXP-MB-E15-ATAC-KMEANS-S1729/provenance.json
EXP-MB-E15-ATAC-KMEANS-S2718,MB_E15,ATAC,ATAC,ATAC,30,KMeans,12,reference_annotation_count,2718,0.0006701271193328684,0.01070164452768139,0.9384981487327779,0.06846737500745803,post_representation_clustering_metrics_and_artifact_serialization,SUCCEEDED,08_experiments/EXP-MB-E15-ATAC-KMEANS-S2718/metrics.json,08_experiments/EXP-MB-E15-ATAC-KMEANS-S2718/provenance.json
EXP-MB-E15-ATAC-KMEANS-S31415,MB_E15,ATAC,ATAC,ATAC,30,KMeans,12,reference_annotation_count,31415,0.2537396646657481,0.33984164321293414,0.28300291555420576,0.06795616699673701,post_representation_clustering_metrics_and_artifact_serialization,SUCCEEDED,08_experiments/EXP-MB-E15-ATAC-KMEANS-S31415/metrics.json,08_experiments/EXP-MB-E15-ATAC-KMEANS-S31415/provenance.json
EXP-MB-E15-CONCAT-KMEANS-S1729,MB_E15,RNA+ATAC,CONCAT,CONCAT,2030,KMeans,12,reference_annotation_count,1729,0.11056683350837634,0.1581548821743404,0.0552198439227776,3.437761833993136,post_representation_clustering_metrics_and_artifact_serialization,SUCCEEDED,08_experiments/EXP-MB-E15-CONCAT-KMEANS-S1729/metrics.json,08_experiments/EXP-MB-E15-CONCAT-KMEANS-S1729/provenance.json
EXP-MB-E15-CONCAT-KMEANS-S2718,MB_E15,RNA+ATAC,CONCAT,CONCAT,2030,KMeans,12,reference_annotation_count,2718,0.10912338222280242,0.159207000908649,0.05731080182840138,3.067997040998307,post_representation_clustering_metrics_and_artifact_serialization,SUCCEEDED,08_experiments/EXP-MB-E15-CONCAT-KMEANS-S2718/metrics.json,08_experiments/EXP-MB-E15-CONCAT-KMEANS-S2718/provenance.json
EXP-MB-E15-CONCAT-KMEANS-S31415,MB_E15,RNA+ATAC,CONCAT,CONCAT,2030,KMeans,12,reference_annotation_count,31415,0.10963187391991411,0.1570328753389972,0.05528495349046918,3.0665219170041382,post_representation_clustering_metrics_and_artifact_serialization,SUCCEEDED,08_experiments/EXP-MB-E15-CONCAT-KMEANS-S31415/metrics.json,08_experiments/EXP-MB-E15-CONCAT-KMEANS-S31415/provenance.json
EXP-MB-E18-RNA-KMEANS-S1729,MB_E18,RNA,RNA,RNA,2000,KMeans,14,reference_annotation_count,1729,0.06394426432291159,0.18133222748116135,-0.0183485640787193,4.129442167002708,post_representation_clustering_metrics_and_artifact_serialization,SUCCEEDED,08_experiments/EXP-MB-E18-RNA-KMEANS-S1729/metrics.json,08_experiments/EXP-MB-E18-RNA-KMEANS-S1729/provenance.json
EXP-MB-E18-RNA-KMEANS-S2718,MB_E18,RNA,RNA,RNA,2000,KMeans,14,reference_annotation_count,2718,0.08908495801668724,0.20828148096671031,-0.015457583120680735,3.5507575840019854,post_representation_clustering_metrics_and_artifact_serialization,SUCCEEDED,08_experiments/EXP-MB-E18-RNA-KMEANS-S2718/metrics.json,08_experiments/EXP-MB-E18-RNA-KMEANS-S2718/provenance.json
EXP-MB-E18-RNA-KMEANS-S31415,MB_E18,RNA,RNA,RNA,2000,KMeans,14,reference_annotation_count,31415,0.078837738990755,0.20248192404289245,-0.02001322289167574,3.620406208006898,post_representation_clustering_metrics_and_artifact_serialization,SUCCEEDED,08_experiments/EXP-MB-E18-RNA-KMEANS-S31415/metrics.json,08_experiments/EXP-MB-E18-RNA-KMEANS-S31415/provenance.json
EXP-MB-E18-PCA-KMEANS-S1729,MB_E18,RNA,PCA,PCA,30,KMeans,14,reference_annotation_count,1729,0.11364845530332672,0.26168466602715934,0.117059806726375,0.11963454099895898,post_representation_clustering_metrics_and_artifact_serialization,SUCCEEDED,08_experiments/EXP-MB-E18-PCA-KMEANS-S1729/metrics.json,08_experiments/EXP-MB-E18-PCA-KMEANS-S1729/provenance.json
EXP-MB-E18-PCA-KMEANS-S2718,MB_E18,RNA,PCA,PCA,30,KMeans,14,reference_annotation_count,2718,0.11846906775779424,0.27802203727946445,0.11982312236537586,0.11312462500063702,post_representation_clustering_metrics_and_artifact_serialization,SUCCEEDED,08_experiments/EXP-MB-E18-PCA-KMEANS-S2718/metrics.json,08_experiments/EXP-MB-E18-PCA-KMEANS-S2718/provenance.json
EXP-MB-E18-PCA-KMEANS-S31415,MB_E18,RNA,PCA,PCA,30,KMeans,14,reference_annotation_count,31415,0.11546200109401779,0.2739184947224789,0.12080550264517395,0.11762049999379087,post_representation_clustering_metrics_and_artifact_serialization,SUCCEEDED,08_experiments/EXP-MB-E18-PCA-KMEANS-S31415/metrics.json,08_experiments/EXP-MB-E18-PCA-KMEANS-S31415/provenance.json
EXP-MB-E18-SPACE-KMEANS-S1729,MB_E18,spatial_coordinates,SPACE,SPACE,2,KMeans,14,reference_annotation_count,1729,0.17069723518960597,0.38508308585696466,0.33935100729867124,0.07593220900162123,post_representation_clustering_metrics_and_artifact_serialization,SUCCEEDED,08_experiments/EXP-MB-E18-SPACE-KMEANS-S1729/metrics.json,08_experiments/EXP-MB-E18-SPACE-KMEANS-S1729/provenance.json
EXP-MB-E18-SPACE-KMEANS-S2718,MB_E18,spatial_coordinates,SPACE,SPACE,2,KMeans,14,reference_annotation_count,2718,0.1699041822104264,0.38108786215236995,0.34525852849502453,0.07817987499583978,post_representation_clustering_metrics_and_artifact_serialization,SUCCEEDED,08_experiments/EXP-MB-E18-SPACE-KMEANS-S2718/metrics.json,08_experiments/EXP-MB-E18-SPACE-KMEANS-S2718/provenance.json
EXP-MB-E18-SPACE-KMEANS-S31415,MB_E18,spatial_coordinates,SPACE,SPACE,2,KMeans,14,reference_annotation_count,31415,0.1700050062171954,0.381054806046593,0.34372280042197983,0.11291616699600127,post_representation_clustering_metrics_and_artifact_serialization,SUCCEEDED,08_experiments/EXP-MB-E18-SPACE-KMEANS-S31415/metrics.json,08_experiments/EXP-MB-E18-SPACE-KMEANS-S31415/provenance.json
